76ers,Bucks,Bulls,Cavaliers,Celtics,Clippers,Grizzlies,Hawks,Heat,Hornets,Jazz,Kings,Knicks,Lakers,Magic,Mavericks,Nets,Nuggets,Pacers,Pelicans,Pistons,Raptors,Rockets,Spurs,Suns,Thunder,Timberwolves,Trail Blazers,Warriors,Wizards
52,44,35,46,68,53,23,44,38,11,23,33,49,40,51,45,41,61,46,45,18,32,35,20,42,54,57,14,49,23
59,48,25,37,61,54,22,36,38,18,24,46,49,33,48,46,33,64,46,54,24,32,42,16,37,60,62,17,35,26
59,47,22,39,60,54,20,38,42,21,31,31,54,35,43,46,35,59,47,51,27,36,44,14,44,56,59,24,36,18
59,52,23,45,66,59,29,37,30,19,30,35,50,35,48,39,31,53,44,56,30,20,38,19,52,56,57,18,41,21
61,45,28,41,67,56,29,36,37,18,31,45,58,34,48,36,28,49,47,47,16,28,45,20,42,67,51,21,44,17
56,46,39,50,65,54,17,36,35,21,19,40,52,35,51,48,32,54,46,56,18,22,40,17,49,49,54,20,41,30
54,42,33,43,66,61,25,33,46,19,30,33,52,43,46,51,35,54,44,49,17,31,37,22,41,59,48,18,39,21
64,46,33,48,59,52,20,25,42,19,29,41,49,37,46,47,33,54,49,52,19,39,39,16,48,55,56,17,40,18
57,47,27,47,63,48,18,38,37,19,21,52,48,31,41,46,30,61,44,53,23,35,40,14,45,63,59,19,44,22
58,42,25,53,67,51,27,40,40,19,23,36,47,37,50,36,41,63,47,50,18,39,37,23,37,46,66,22,40,12
56,52,28,43,63,60,21,34,34,13,26,35,52,45,47,51,36,53,45,45,19,30,41,19,59,57,50,25,39,14
56,40,31,47,60,63,21,40,40,18,23,37,49,36,50,43,35,55,50,44,20,31,37,20,48,53,55,21,46,23
59,47,31,51,67,53,25,36,37,16,19,37,58,35,50,39,27,59,52,56,19,36,41,19,38,53,56,17,44,15
55,51,30,39,64,54,22,38,38,12,28,41,57,37,41,55,49,57,42,45,15,33,45,15,47,57,60,13,37,15
62,44,36,49,67,44,17,34,43,14,28,41,51,39,52,47,29,58,48,44,23,28,45,25,43,54,47,17,44,19
53,54,19,45,65,59,27,37,42,17,24,38,50,36,55,48,33,55,45,45,18,28,43,22,38,59,54,19,42,22
55,53,33,42,62,63,21,32,36,18,28,28,53,36,49,42,33,60,43,43,22,29,36,18,42,65,55,17,52,26
54,52,34,56,57,59,23,42,35,25,19,40,51,41,47,37,26,50,42,51,18,31,42,16,44,57,57,15,50,21
55,46,35,49,68,57,25,30,37,16,19,33,58,26,53,50,34,58,31,52,19,40,37,9,47,66,55,21,43,23
64,46,32,49,64,62,17,32,39,20,25,48,57,29,47,40,38,61,43,42,21,32,43,17,40,55,55,19,36,19
62,48,29,44,71,57,25,38,35,15,23,34,49,38,42,43,35,62,37,44,21,33,38,21,51,59,59,16,45,18
59,48,33,42,69,58,28,35,36,22,29,35,54,39,53,48,24,59,47,40,23,30,38,19,44,54,57,20,33,16
53,47,26,42,74,56,23,41,37,15,26,39,54,37,42,38,33,59,44,49,27,31,40,16,42,61,58,19,39,24
59,47,41,46,67,61,23,28,32,13,26,34,52,30,50,47,35,52,34,53,23,32,32,20,50,54,65,19,44,23
57,51,25,46,61,56,18,33,37,17,19,41,50,37,43,43,46,56,42,50,24,29,35,22,47,61,64,16,42,24
57,49,29,42,66,52,24,40,42,26,17,39,49,38,43,42,37,59,45,45,23,31,35,17,43,67,51,19,39,26
60,48,30,42,65,56,24,42,34,17,20,41,50,40,48,42,35,56,49,47,18,24,39,22,43,57,59,18,46,20
56,45,26,42,64,58,21,37,37,21,16,42,51,33,53,44,35,51,47,53,25,32,33,16,51,59,60,26,41,17
51,45,29,43,69,55,25,40,42,16,29,45,52,40,44,49,33,58,54,45,15,30,36,19,48,54,57,19,39,11
60,45,35,39,74,52,19,40,44,21,24,38,59,42,53,36,30,50,34,50,26,20,45,13,46,59,61,16,43,18
64,44,24,51,60,61,22,35,36,15,19,39,50,46,50,53,32,55,50,49,18,32,36,21,41,57,52,19,44,17
54,46,30,46,69,61,27,34,42,17,28,40,56,33,40,45,31,63,43,43,19,28,44,18,43,56,63,16,38,19
60,45,25,44,65,55,24,37,37,12,20,43,57,42,48,46,33,58,38,44,19,34,33,19,45,56,60,24,51,18
53,50,28,46,63,59,28,38,40,13,22,35,51,36,45,46,39,61,51,44,24,28,44,17,51,54,57,17,35,17
53,44,23,40,63,59,30,32,38,19,30,35,55,45,56,38,30,62,43,47,20,36,39,19,44,60,50,15,44,23
60,53,24,51,66,52,24,27,40,15,29,38,53,32,46,45,32,55,45,50,21,27,36,23,47,63,59,21,37,21
55,52,34,43,63,57,22,34,48,7,28,38,47,44,48,44,32,49,35,50,22,39,38,23,49,63,55,18,41,14
61,44,31,41,65,62,25,42,43,17,19,33,59,38,45,41,34,57,47,48,16,31,33,22,41,60,55,20,37,25
63,47,32,40,62,53,25,35,47,16,19,40,52,43,50,34,33,58,41,50,21,32,41,20,50,54,59,19,39,17
56,46,28,42,68,52,20,32,40,19,25,38,53,43,52,43,34,56,46,46,24,31,36,15,43,57,59,25,49,14
60,44,20,49,67,57,21,41,37,20,26,31,47,41,51,51,35,57,41,47,24,22,42,13,42,61,53,19,47,26
64,50,28,47,70,57,23,40,37,22,23,36,54,40,45,43,43,47,36,50,17,31,38,24,38,59,56,17,40,17
60,45,35,48,65,65,18,39,48,11,27,37,49,36,49,38,25,54,41,44,19,29,45,16,50,57,59,26,42,15
62,46,34,46,61,60,19,40,40,21,24,36,48,30,41,49,33,59,43,52,18,29,33,19,55,54,45,25,47,23
58,48,28,46,63,59,23,37,35,14,28,36,52,36,52,47,48,50,40,54,21,25,32,23,42,59,50,28,37,21
59,52,25,42,69,51,29,40,33,21,18,40,54,38,47,47,40,51,42,44,13,31,40,16,44,57,64,15,49,21
59,46,27,44,68,60,13,40,40,15,31,36,51,42,55,47,31,50,41,50,21,32,46,23,47,55,50,15,44,13
63,45,24,46,65,60,25,31,37,18,21,35,48,42,48,42,36,61,45,53,16,32,39,17,47,53,58,19,43,23
55,52,31,46,66,53,22,37,40,12,19,34,57,33,49,49,35,60,37,41,18,32,42,22,38,56,57,22,57,20
60,52,38,50,63,52,23,32,44,17,23,41,50,30,43,42,21,57,47,50,20,32,35,16,49,55,61,18,50,21
55,50,25,44,65,60,20,33,41,21,25,40,51,40,47,49,29,65,48,40,18,34,36,18,51,57,52,20,39,19
60,48,39,51,70,50,23,38,36,16,29,34,44,37,49,48,39,56,33,54,20,30,43,14,43,61,53,16,35,23
64,46,31,50,71,56,18,39,33,15,32,39,45,38,51,46,28,57,42,40,20,34,41,17,50,59,54,15,43,18
62,39,32,48,66,53,20,50,42,20,33,41,45,37,43,38,34,51,50,46,23,27,31,22,45,65,56,18,38,17
57,49,32,39,62,53,21,33,45,25,20,40,50,32,47,50,37,53,51,39,23,30,38,18,45,63,55,22,42,21
63,45,25,43,63,52,30,41,35,20,21,46,51,32,51,47,38,49,43,48,23,38,38,18,43,56,54,17,37,25
50,49,28,48,69,57,26,29,33,20,25,42,57,29,49,44,31,64,41,44,14,32,39,20,46,57,52,25,49,23
63,48,25,36,65,55,29,31,40,14,23,47,52,37,44,52,40,58,49,47,21,33,45,17,31,60,60,16,38,16
58,45,27,46,70,48,19,36,36,17,16,40,48,42,50,40,28,55,48,53,28,42,38,21,47,60,55,18,46,15
62,49,34,43,63,57,27,37,33,21,25,33,53,38,53,48,39,49,48,47,20,21,33,16,48,57,58,15,49,16
61,49,24,45,69,60,20,36,40,16,25,34,57,42,41,41,37,56,42,45,23,33,34,19,46,61,55,23,38,20
61,48,29,42,61,52,19,28,38,20,24,40,51,36,48,48,37,55,49,55,21,28,37,11,52,60,58,19,42,23
61,52,27,50,59,56,26,40,32,14,29,35,58,31,47,43,31,59,48,45,18,31,37,12,45,56,58,20,49,23
60,48,35,43,60,54,18,32,41,14,25,40,52,33,51,44,39,61,44,51,18,28,36,20,44,61,55,20,41,24
64,44,21,42,59,58,21,38,33,16,26,44,49,43,50,47,38,52,56,53,21,34,38,20,43,57,58,18,35,14
60,40,25,44,66,53,18,33,30,17,28,42,58,35,47,41,34,61,43,47,24,31,44,23,51,59,61,15,41,21
55,41,33,49,64,56,14,39,40,21,26,32,53,43,47,45,36,54,47,47,16,35,36,14,45,64,58,15,46,21
51,55,37,41,61,55,19,40,42,20,28,37,59,35,49,43,32,55,36,49,16,34,45,19,44,51,60,17,36,26
61,54,26,41,65,57,16,35,41,24,23,31,49,36,48,48,43,60,41,54,28,26,37,13,46,56,55,14,49,15
56,51,27,45,67,53,23,37,41,21,18,35,51,33,47,46,35,47,54,49,14,33,45,16,52,59,59,18,39,21
57,46,41,33,65,58,18,38,33,17,22,42,60,38,48,46,33,61,47,50,26,26,41,15,49,57,52,17,39,17
55,58,26,42,70,54,21,37,40,19,25,41,53,36,42,46,31,58,46,46,13,37,35,18,40,57,63,19,42,22
62,51,28,37,66,62,22,38,44,11,24,38,57,37,52,43,32,53,50,47,12,41,37,18,41,56,54,20,38,21
62,54,32,39,64,49,16,32,36,16,25,41,55,29,52,50,28,59,49,59,21,31,38,15,41,62,51,25,44,17
54,46,30,45,60,48,30,36,40,19,24,44,58,37,45,44,38,57,40,45,17,28,46,15,47,60,53,19,45,22
56,43,28,39,67,56,20,45,32,20,22,37,51,33,41,49,34,56,50,54,23,43,31,21,52,60,52,12,42,23
56,52,28,50,63,57,28,35,44,17,23,43,49,40,54,40,35,54,47,45,21,29,32,12,49,65,52,13,37,22
65,45,29,48,60,56,26,31,45,19,22,37,48,29,50,45,34,54,41,46,17,34,40,21,45,68,58,23,41,15
50,49,29,43,61,55,24,30,39,20,26,42,51,42,41,47,37,57,46,46,22,30,40,22,48,62,53,21,42,17
57,50,29,47,62,54,19,32,40,16,30,39,52,29,47,50,31,56,45,49,23,30,41,16,42,60,58,20,46,22
55,43,25,40,61,58,20,38,38,13,28,45,54,33,50,46,38,59,45,52,16,29,39,13,44,59,65,20,41,25
58,47,27,43,60,50,15,38,38,15,33,41,46,37,51,36,41,56,51,50,17,32,42,19,52,64,50,21,40,22
56,50,37,48,67,56,17,37,37,14,22,37,52,37,40,44,32,62,49,53,16,38,34,19,45,58,60,15,37,23
58,54,33,43,69,58,21,33,40,16,28,41,54,34,41,48,35,63,43,38,17,34,31,18,41,56,59,19,46,21
54,47,20,40,69,55,24,44,38,24,21,44,54,37,38,47,41,56,40,56,20,29,36,14,50,56,55,23,41,19
67,46,27,43,64,54,23,36,36,19,23,40,57,33,47,39,33,62,41,45,24,32,31,19,41,66,55,21,56,12
61,48,34,37,60,56,18,38,42,19,26,40,53,36,52,41,34,55,48,42,16,34,42,20,45,56,55,16,47,21
59,49,25,39,60,60,20,34,45,23,21,41,50,31,42,53,32,60,41,48,22,34,39,22,46,58,56,18,40,24
54,48,34,50,62,56,25,30,37,20,27,41,48,40,44,42,29,53,47,53,20,32,44,20,49,57,53,16,45,16
60,44,30,46,66,51,24,44,31,14,23,40,63,38,38,50,36,53,43,50,22,23,39,15,48,56,55,21,47,22
57,51,29,48,63,59,16,37,40,17,21,37,56,34,51,43,41,54,44,52,25,31,35,15,42,53,62,20,39,20
57,48,39,49,65,60,23,37,33,12,27,39,53,35,47,50,35,57,52,50,14,23,36,16,51,61,58,16,33,16
61,51,27,41,66,55,23,34,44,17,28,33,49,43,52,52,34,58,41,47,28,30,26,18,50,58,56,16,38,16
63,47,43,50,73,54,19,46,36,15,23,37,50,36,45,39,35,54,49,39,17,27,39,21,47,57,50,16,48,17
62,50,33,39,63,62,24,32,41,16,15,29,54,34,49,51,36,57,49,47,24,25,42,18,42,63,50,18,39,28
61,50,30,40,61,56,17,44,40,19,24,33,55,34,41,51,27,57,41,51,15,32,41,20,50,60,55,11,47,29
62,44,35,44,61,55,16,37,38,20,27,38,57,35,50,46,35,57,41,52,18,27,30,21,42,59,61,19,44,21
61,49,25,47,65,56,20,38,37,17,23,35,58,38,53,36,32,55,35,49,27,32,47,19,48,56,61,17,38,18
60,58,35,48,64,60,26,36,41,15,22,37,49,35,44,41,32,58,35,42,20,33,33,20,40,57,59,21,50,21
58,46,24,43,64,54,29,38,44,15,22,34,57,41,52,53,31,55,44,49,22,32,32,14,44,59,59,18,42,17
58,42,33,38,62,53,22,36,39,22,30,36,49,48,46,50,32,57,45,50,23,34,37,14,51,58,53,18,35,21
61,48,36,35,67,53,21,42,32,15,28,35,53,38,46,37,43,57,43,56,18,30,36,13,51,61,54,26,40,17
60,44,25,42,68,50,24,43,39,22,26,35,54,34,49,44,36,60,45,41,22,29,45,13,44,61,63,18,39,17
50,48,29,38,59,55,24,35,43,15,32,40,50,33,52,53,33,56,41,46,21,36,33,17,56,53,62,19,38,25
59,40,33,43,64,55,23,37,38,29,29,37,53,34,51,44,32,55,36,51,17,33,37,17,42,65,58,16,38,26
63,49,34,44,67,51,23,29,42,12,33,35,49,38,48,49,45,53,43,49,17,27,37,17,44,52,61,20,49,12
59,43,27,45,66,55,23,35,34,14,32,36,55,30,51,43,31,57,42,52,20,30,43,18,51,57,54,19,43,27
56,43,31,43,61,63,24,42,34,15,34,39,52,30,49,48,39,56,44,43,23,29,40,17,51,49,54,16,48,19
63,52,30,41,62,56,15,32,27,15,25,34,60,33,49,43,29,59,42,45,18,43,42,19,51,60,59,18,49,21
55,57,29,40,51,56,22,34,42,17,21,43,53,33,46,44,38,58,43,50,22,38,41,15,49,61,65,16,34,19
60,44,29,40,68,63,25,29,41,14,26,32,58,35,50,52,34,58,44,41,21,32,43,18,36,64,60,18,43,14
67,41,28,39,66,52,20,44,36,17,25,43,58,27,45,39,32,61,46,48,23,26,48,16,50,59,58,20,39,19
59,56,34,41,67,54,23,36,39,14,30,45,51,43,43,40,30,52,45,46,20,32,36,12,47,61,59,13,43,21
61,49,26,45,65,60,25,35,34,17,23,43,55,43,48,44,41,54,46,42,22,33,35,15,51,55,56,17,37,15
60,45,29,46,63,59,24,37,37,18,23,37,49,36,46,43,37,54,54,48,27,30,40,16,48,57,51,21,41,16
62,41,29,44,64,60,23,40,40,16,20,26,49,36,49,52,42,61,35,41,28,32,42,19,43,59,55,21,45,18
59,46,29,45,60,51,18,40,47,12,31,43,44,38,39,43,40,64,46,48,24,36,35,20,47,59,55,15,45,13
55,43,33,52,63,59,18,43,36,20,27,44,43,31,50,47,42,53,43,42,20,27,42,16,41,60,56,25,35,26
62,47,31,47,59,64,23,30,38,19,27,32,54,37,54,46,30,58,43,42,17,31,38,21,49,65,59,13,42,14
64,58,30,37,60,61,26,33,40,17,29,34,46,33,49,46,31,59,48,41,20,31,41,15,49,55,58,17,46,18
63,48,30,42,60,54,21,36,43,17,28,41,52,32,38,53,33,53,42,41,17,34,37,22,51,56,69,17,44,18
63,52,31,41,61,54,22,34,33,26,31,32,50,36,40,51,31,55,48,49,19,28,41,19,47,58,56,19,44,21
62,32,27,51,68,59,17,34,39,16,28,39,63,30,44,49,38,54,49,41,16,36,38,21,43,52,58,22,45,21
54,46,27,38,62,59,20,35,42,19,31,42,57,36,43,38,30,58,50,45,26,40,44,11,43,57,59,18,40,22
60,50,27,38,65,57,25,40,32,14,29,36,50,37,45,47,32,58,43,47,18,38,40,16,47,60,58,21,37,25
54,44,31,40,64,58,17,37,39,21,18,42,62,34,48,42,45,53,43,54,16,34,34,22,49,54,54,27,39,17
56,47,32,49,62,50,26,32,38,19,18,40,56,40,52,50,35,61,40,50,17,33,39,15,47,57,53,19,39,20
58,50,37,39,63,60,22,44,34,20,21,33,56,45,47,42,32,58,50,43,16,29,40,17,46,57,55,20,39,19
52,44,35,44,67,48,24,36,37,19,24,42,57,36,56,45,30,49,41,46,19,42,37,16,49,61,55,22,46,13
60,55,27,48,66,57,28,35,41,14,21,37,57,37,34,39,26,60,51,43,22,30,36,24,47,56,58,25,39,19
63,52,32,43,60,62,16,38,45,14,29,48,51,34,39,48,32,47,44,45,22,31,39,20,48,56,58,17,38,21
57,48,21,48,60,53,16,36,44,17,26,44,49,34,50,46,42,55,43,47,15,35,46,17,46,51,60,23,42,21
60,45,31,42,64,51,27,32,33,7,13,34,52,39,52,42,39,51,52,49,25,35,50,25,59,56,54,19,37,17
62,50,24,52,60,54,21,46,34,19,27,31,52,36,40,48,35,57,47,52,20,34,38,16,43,63,54,19,40,18
61,51,32,46,64,53,22,33,30,16,20,32,51,38,51,50,36,60,44,44,21,28,44,26,53,58,53,16,40,19
61,50,27,39,63,57,22,37,35,15,26,38,53,38,54,40,32,56,44,53,18,38,41,22,48,59,54,17,39,16
57,49,30,43,64,57,22,37,37,13,30,38,52,42,51,40,41,59,44,55,20,27,29,19,40,64,58,16,42,16
60,43,37,38,71,53,18,36,40,21,27,36,57,38,51,42,28,54,44,46,16,26,30,22,54,58,60,20,45,21
59,42,25,57,62,59,20,32,48,19,23,41,53,33,44,44,47,52,40,49,21,26,41,17,47,51,53,22,45,20
64,46,31,40,67,58,22,37,40,15,27,44,50,41,44,42,28,55,49,49,20,35,39,16,37,60,61,14,41,20
62,40,31,49,61,53,20,38,31,15,26,40,47,39,44,49,42,54,40,52,20,30,41,18,45,56,57,23,45,24
54,51,31,40,59,56,23,44,38,18,19,38,55,36,51,51,35,53,41,52,24,30,43,17,45,56,49,20,51,12
59,47,34,44,67,46,23,36,46,23,26,44,46,30,45,44,30,53,49,54,22,30,49,17,50,49,53,23,36,17
58,44,31,45,67,52,18,42,35,16,23,32,50,40,51,45,43,51,42,55,20,34,39,17,42,53,57,19,49,22
61,43,23,48,69,61,20,37,39,19,25,42,59,42,47,45,37,49,41,44,21,28,40,13,41,57,58,21,43,19
52,46,29,37,67,55,22,39,39,22,24,39,54,29,53,45,35,53,44,50,18,28,35,20,53,60,64,14,42,24
57,46,28,42,64,57,25,48,46,16,22,37,55,31,45,47,32,57,45,47,16,32,37,15,44,58,56,21,46,20
61,43,30,39,68,59,23,33,34,13,31,44,60,38,47,36,37,60,48,37,18,29,40,19,54,62,50,18,42,19
54,47,36,43,62,57,24,35,40,16,27,36,50,33,51,46,35,52,38,59,24,22,47,17,51,60,50,21,36,23
53,38,30,45,60,56,24,42,35,18,30,42,51,44,56,49,29,52,49,48,25,30,32,17,45,55,57,13,42,25
53,50,35,44,62,54,30,37,38,17,25,36,53,48,41,44,33,51,37,47,20,31,38,11,47,64,53,22,48,23
53,55,35,47,66,61,24,39,42,15,24,43,43,35,46,40,40,49,48,48,24,22,39,15,45,58,55,19,43,19
57,55,22,43,59,56,28,38,34,18,22,45,50,33,40,44,34,58,44,54,18,33,39,17,42,59,60,17,49,24
55,49,28,45,66,52,22,36,40,18,27,37,47,40,51,49,35,56,44,52,23,23,39,19,34,56,60,22,45,22
57,49,39,38,66,55,22,35,40,18,19,38,49,36,52,46,35,50,40,55,22,25,36,16,52,53,62,19,46,22
57,48,36,41,63,59,29,35,35,19,24,38,56,32,46,44,36,58,46,49,20,32,30,17,50,54,49,20,47,22
56,54,33,50,63,49,18,30,34,14,27,31,51,43,55,54,31,56,44,50,18,33,39,18,47,58,57,21,39,19
64,50,34,54,64,55,21,32,42,10,23,36,59,34,47,52,36,57,33,44,20,30,36,19,49,60,55,20,42,14
54,52,38,49,56,51,17,42,33,17,26,33,47,38,57,42,30,63,41,51,22,38,37,16,47,56,59,21,43,16
61,51,25,44,65,63,25,39,32,16,23,38,54,38,46,41,39,51,44,47,21,30,45,19,54,50,54,15,41,21
64,56,26,45,58,59,15,39,41,19,19,37,56,39,46,43,36,53,42,54,21,31,39,16,39,62,58,18,41,20
54,44,33,43,64,59,24,32,36,16,22,36,59,29,48,46,38,62,46,44,24,27,38,15,44,63,58,25,44,19
63,42,26,47,66,57,24,36,41,24,29,39,51,35,42,49,38,53,51,50,20,24,38,12,39,60,58,22,34,22
62,44,23,45,61,57,32,37,43,15,24,37,55,34,40,41,42,56,48,48,26,25,47,13,50,54,55,16,40,22
61,54,25,46,60,52,21,34,43,11,18,48,56,32,42,45,41,56,39,45,28,31,41,22,44,55,56,16,41,29
59,49,36,41,63,57,20,34,38,13,24,36,58,31,46,44,36,56,51,50,23,32,35,21,44,56,52,19,50,18
59,51,34,48,67,56,20,32,38,17,21,43,47,36,47,45,35,53,49,48,22,31,37,15,47,57,59,18,36,24
57,49,32,34,61,56,20,39,40,16,24,34,57,34,46,46,32,61,43,56,18,26,47,20,43,60,57,23,38,23
64,41,28,40,68,56,25,35,47,16,26,34,50,37,42,47,40,58,43,49,22,34,35,19,54,52,58,14,36,22
53,43,24,48,65,53,21,36,42,12,25,46,52,41,52,43,32,59,48,45,20,34,34,18,48,46,65,15,50,22
62,48,25,49,63,55,23,33,39,13,23,38,57,37,51,42,29,56,47,40,23,26,39,20,47,61,63,20,43,20
62,40,28,44,63,54,27,31,37,18,31,41,51,34,54,48,37,53,42,50,17,28,35,18,48,50,61,17,52,21
53,51,31,34,69,51,20,41,48,23,27,33,56,34,45,42,36,59,43,51,19,25,46,19,39,61,55,26,38,17
60,43,30,40,62,50,19,40,46,17,24,45,55,33,52,45,34,56,42,58,18,31,34,18,49,54,54,19,48,16
58,52,32,41,63,59,30,36,43,19,27,36,47,41,55,44,30,54,43,40,12,37,42,21,47,55,62,16,32,18
48,45,33,44,61,42,21,36,33,18,25,44,59,38,51,42,38,63,42,45,20,35,35,18,44,61,53,32,44,22
62,54,37,42,67,51,22,41,39,11,26,39,49,33,48,50,29,58,44,49,21,32,36,21,44,54,57,17,39,20
53,49,29,42,63,56,19,37,44,15,27,38,52,37,45,43,41,62,41,52,20,37,33,15,46,58,58,14,49,17
60,50,28,40,63,54,19,36,34,21,23,41,61,33,43,48,33,60,42,51,22,27,43,15,48,57,56,18,46,20
49,46,37,43,69,57,25,31,44,15,27,41,48,33,44,42,34,53,47,47,18,34,42,26,43,59,56,23,41,18
62,48,31,43,65,60,28,40,38,23,27,36,61,27,43,42,35,55,48,53,15,31,36,19,51,56,51,18,30,20
52,43,24,41,65,52,28,34,41,22,20,38,59,45,41,39,42,52,49,48,19,31,45,24,50,60,57,16,35,20
59,52,31,47,66,53,25,34,41,21,25,45,52,38,46,44,37,49,40,42,20,31,38,14,42,64,63,14,43,16
56,48,34,43,62,62,23,33,32,17,20,30,52,36,49,45,33,58,52,54,19,34,46,18,42,63,58,22,33,18
63,44,27,44,66,53,23,37,46,18,30,41,52,33,44,53,38,65,35,38,23,26,28,18,47,58,55,18,48,21
57,46,24,46,58,53,25,30,40,16,23,38,51,40,48,51,35,53,55,43,21,32,39,22,55,65,53,17,38,18
60,41,28,48,67,51,20,36,42,15,30,37,53,36,42,51,34,56,40,49,18,29,41,17,40,56,60,23,51,21
68,42,35,43,68,61,23,43,31,15,24,35,54,35,51,45,41,56,41,43,19,24,40,19,47,57,54,15,46,17
64,46,33,47,65,55,19,39,39,16,22,33,55,36,51,42,40,56,48,46,20,28,41,15,46,54,58,16,43,19
58,54,22,41,63,55,19,35,39,18,30,35,54,43,46,48,35,55,45,54,23,28,40,12,46,56,60,17,42,19
57,52,31,43,65,63,23,39,40,14,18,39,58,35,44,54,31,59,35,50,21,24,38,19,51,52,60,16,43,18
59,46,33,41,70,51,27,37,45,11,25,43,54,38,42,43,42,64,46,47,22,31,41,12,38,57,55,20,38,14
59,38,30,52,63,57,16,35,46,14,23,38,51,34,45,40,39,53,45,62,17,25,31,19,52,57,59,22,51,19
51,48,31,56,61,60,21,36,38,20,24,39,50,35,48,41,32,52,45,43,26,32,36,21,47,57,61,19,41,21
59,45,31,47,61,48,23,41,37,20,29,41,50,39,42,45,37,54,47,49,23,25,41,20,47,57,54,17,41,22
60,51,31,36,68,61,27,39,38,18,22,32,59,45,51,45,29,56,45,46,15,35,38,21,42,54,53,13,42,20
59,46,31,49,69,59,15,36,40,18,17,40,46,35,48,50,31,57,48,47,10,33,48,20,46,55,58,21,41,19
59,47,24,48,62,59,18,38,34,16,25,36,50,34,46,47,41,53,49,48,19,28,42,18,50,60,58,20,42,21
66,52,21,51,60,62,20,32,43,16,31,34,55,44,43,44,31,53,43,50,22,28,35,16,45,55,58,20,43,19
55,54,32,38,70,60,17,34,39,21,30,46,49,46,41,49,34,58,36,46,22,31,35,16,51,55,50,14,43,20
58,45,29,53,67,56,24,39,34,10,29,44,49,44,48,49,34,59,42,44,22,29,33,14,44,56,54,16,44,23
55,51,30,36,63,59,15,35,40,19,26,36,59,36,51,37,33,56,48,57,22,31,42,24,38,53,59,18,45,18
52,48,27,43,66,56,19,40,47,18,27,37,57,34,47,42,34,57,43,51,14,28,40,21,47,63,54,16,36,28
60,45,28,41,61,55,24,38,39,14,29,37,54,34,52,44,38,64,42,56,20,27,36,20,48,59,56,21,27,23
57,42,36,44,63,45,26,39,41,23,25,44,52,36,50,43,38,60,47,50,18,31,35,17,41,61,57,16,38,17
61,46,35,36,70,55,14,37,34,22,24,36,53,39,49,53,35,53,42,51,23,30,39,19,42,55,58,17,43,21
59,53,36,44,60,55,18,31,45,21,23,31,50,35,43,53,42,53,49,47,22,29,29,23,46,56,61,13,47,18
58,42,36,49,62,54,31,35,29,23,21,39,51,36,44,46,29,55,48,48,21,32,36,19,47,68,49,20,44,20
62,42,25,41,61,56,25,36,32,19,30,46,54,37,57,47,46,55,43,54,18,33,36,12,45,53,57,19,31,20
53,53,29,47,63,54,21,42,39,20,18,39,52,35,45,52,33,58,42,43,16,27,49,21,48,57,57,16,42,21
61,44,30,38,63,51,27,45,38,20,24,37,56,33,47,43,33,55,40,41,20,26,42,16,50,62,60,17,46,27
53,46,30,49,69,54,24,39,39,20,30,37,52,32,45,47,30,52,45,47,15,32,42,24,45,55,56,14,43,26
61,49,33,37,60,59,26,32,39,15,21,39,56,38,42,39,31,64,45,45,22,32,40,15,45,60,64,14,48,21
59,43,32,49,68,53,14,37,35,21,28,33,50,37,45,51,30,58,41,43,25,28,36,28,43,64,58,19,46,18
59,43,27,40,68,57,27,39,42,14,25,46,50,45,46,41,37,52,43,45,16,32,32,13,52,61,62,20,34,24
62,40,32,40,66,53,27,49,40,24,27,42,52,35,56,51,37,51,45,41,15,26,30,16,50,59,52,12,48,14
58,48,31,43,69,58,18,40,33,20,24,43,55,41,51,47,37,53,46,52,20,33,42,14,46,49,52,17,37,15
59,43,28,50,68,56,23,41,34,19,27,44,45,34,55,43,38,59,42,53,24,31,37,23,44,51,57,15,32,17
61,50,19,47,63,55,25,29,42,19,23,38,52,32,45,55,41,60,54,51,22,31,28,9,47,58,63,17,40,16
64,44,32,36,62,60,21,32,37,17,21,45,52,43,43,44,37,54,46,47,20,31,41,17,47,60,60,21,35,23
57,40,36,42,70,54,24,35,42,15,26,41,57,36,49,39,36,51,38,43,20,31,49,17,47,61,51,22,47,16
57,47,23,43,63,54,31,39,38,26,20,33,54,28,51,49,32,53,41,42,21,30,35,23,38,63,65,30,43,20
59,47,28,49,62,55,20,41,38,15,21,34,51,45,48,44,32,55,50,40,24,35,36,19,46,60,59,23,35,21
58,44,32,43,68,57,21,39,41,19,25,30,50,32,53,47,43,55,45,45,18,28,47,18,49,61,49,15,43,17
58,44,18,51,68,48,23,46,34,17,25,39,55,38,41,45,32,54,45,51,28,33,40,17,51,60,55,19,38,19
64,46,30,39,63,61,27,36,46,15,25,38,54,31,41,55,34,57,47,42,26,30,40,18,39,56,52,16,42,22
57,39,35,41,66,49,18,38,41,19,30,38,49,41,43,52,33,60,50,54,16,39,32,15,39,66,51,18,45,18
62,45,34,45,66,64,22,46,35,13,26,33,49,37,37,43,37,51,47,50,13,25,33,16,50,56,61,24,48,24
61,42,29,42,65,65,20,36,48,20,26,40,54,35,48,47,38,56,39,39,30,32,31,14,44,55,62,19,39,16
64,49,27,41,60,62,23,40,38,15,24,40,57,40,46,44,41,53,44,47,17,36,40,12,46,54,60,17,35,20
55,48,27,36,71,55,24,37,35,20,26,31,49,34,45,43,39,58,52,54,21,31,43,18,43,62,55,22,40,18
58,50,22,45,64,58,24,34,35,20,23,42,46,38,49,43,37,54,49,54,21,33,31,14,54,64,56,18,38,18
59,50,28,38,62,60,20,38,37,17,25,48,53,38,44,52,38,54,50,38,21,31,39,15,48,59,63,15,29,23
53,53,31,42,69,58,18,34,38,20,27,36,48,36,44,46,33,57,47,41,17,29,39,19,49,59,58,25,40,26
53,46,33,50,61,53,21,42,50,19,23,38,56,37,43,40,43,52,42,49,18,29,37,17,48,58,60,19,38,17
62,46,37,57,66,52,22,27,34,21,22,41,46,34,45,48,38,59,39,50,27,32,43,16,45,55,56,12,34,26
57,50,29,39,68,52,24,35,50,14,23,43,43,40,54,50,31,55,41,43,19,30,41,17,49,64,53,18,40,20
52,45,25,47,65,59,28,35,38,23,32,39,54,36,53,39,33,50,45,54,16,29,42,15,38,64,57,22,42,15
60,48,36,49,69,57,23,32,30,18,22,36,46,39,44,41,42,52,46,50,20,29,40,19,52,59,51,16,49,17
58,48,32,39,65,61,26,28,43,20,23,41,52,39,51,49,35,55,42,45,18,32,28,16,44,61,60,21,44,16
58,48,24,43,62,55,25,35,42,15,33,35,54,40,51,41,37,51,48,45,17,31,38,21,38,62,57,20,40,26
60,36,24,48,66,56,30,33,38,17,27,32,55,38,46,48,36,65,45,46,18,29,42,12,48,56,61,16,44,20
54,48,31,40,65,63,21,35,39,15,27,38,48,27,55,47,38,43,44,57,19,35,40,21,49,57,55,22,38,21
57,45,26,44,67,53,24,39,42,19,21,42,55,45,51,43,33,47,45,41,15,29,44,22,45,57,54,19,41,27
50,44,31,42,67,48,17,42,38,13,26,36,45,35,59,43,34,59,48,45,20,32,44,19,50,59,60,21,51,14
55,50,28,41,65,55,23,39,41,12,22,41,56,40,45,48,31,59,49,51,16,31,33,13,48,59,57,20,44,20
63,48,28,43,62,45,22,31,45,15,28,33,52,29,49,47,38,56,43,48,20,29,38,17,48,61,64,22,45,23
56,49,29,41,72,56,23,44,39,13,27,41,55,34,46,45,28,59,47,50,19,28,43,14,48,55,45,19,49,18
53,41,30,46,74,58,17,32,34,19,18,39,54,38,46,47,33,61,42,51,23,26,44,20,46,50,60,25,41,24
62,40,34,42,68,54,24,37,40,18,25,39,62,40,54,45,34,51,50,44,22,23,29,25,43,64,51,13,40,19
53,47,26,44,65,53,28,35,37,14,25,38,60,39,47,47,29,55,46,59,21,28,38,15,45,52,61,23,42,20
58,41,35,45,60,54,22,35,38,17,28,47,50,32,51,51,32,53,43,49,20,35,45,23,44,61,54,18,32,19
54,50,21,42,69,54,21,38,37,21,23,40,51,36,46,46,30,62,47,51,18,29,30,20,46,58,62,20,49,21
60,52,27,50,63,60,27,42,33,24,21,39,53,39,46,41,30,58,45,51,21,31,33,17,39,60,58,17,37,18
51,41,33,39,65,57,21,36,40,21,22,47,54,36,50,50,35,51,51,50,15,39,34,22,49,52,59,14,40,18
53,50,33,41,68,55,20,44,37,17,33,38,51,38,49,40,31,54,41,49,19,30,43,16,54,52,53,16,47,20
58,41,27,41,62,59,24,42,38,15,26,32,58,35,42,46,36,63,44,57,20,26,34,23,42,54,59,15,50,23
59,53,25,45,65,51,17,34,38,16,27,38,49,41,56,49,28,61,44,44,25,28,45,17,46,53,62,22,33,21
49,50,33,38,65,56,19,36,50,18,30,45,49,39,46,50,34,49,41,43,23,26,33,19,52,65,51,18,48,17
59,45,30,46,68,53,31,34,37,25,25,38,52,32,46,41,28,62,47,41,14,34,38,18,46,60,54,16,52,20
63,46,35,34,67,52,21,46,41,15,18,44,52,33,48,41,27,59,51,46,15,28,39,16,51,64,54,21,45,20
57,43,34,49,66,54,23,33,39,12,30,41,44,36,48,49,30,60,44,48,29,31,36,17,50,56,61,14,39,19
58,44,27,44,64,49,25,32,40,19,29,39,49,30,46,47,38,59,41,49,27,36,33,19,55,60,55,12,49,17
66,45,35,40,61,60,23,37,38,15,20,32,41,34,50,46,32,59,43,49,21,33,40,19,49,63,61,20,41,19
59,40,34,44,70,59,16,44,37,19,24,44,51,34,47,40,32,57,45,46,18,30,33,17,45,64,57,23,41,22
57,51,25,41,67,55,25,41,41,16,23,29,53,35,48,43,30,63,47,50,23,27,43,21,52,60,57,17,31,21
59,49,27,44,63,57,29,36,44,15,18,38,59,35,43,44,34,63,47,38,23,31,40,22,45,54,50,18,43,24
58,50,33,45,61,56,21,34,37,23,21,40,55,39,52,36,42,51,36,52,21,28,43,18,52,52,60,18,42,16
63,47,34,38,63,56,27,36,38,17,21,37,58,48,37,41,33,48,47,40,21,33,50,18,44,56,51,18,55,17
55,48,27,42,62,54,24,42,43,22,24,39,53,35,55,46,34,61,36,43,24,27,40,13,44,58,61,15,46,19
63,50,28,47,57,55,26,30,43,13,22,42,54,29,57,43,36,58,42,54,26,25,37,13,49,64,51,21,40,17
59,53,34,37,62,53,21,36,43,14,23,35,52,36,55,47,36,52,42,45,26,33,46,19,42,53,50,23,40,25
53,48,27,42,66,54,23,43,41,12,23,36,55,41,43,47,39,59,51,48,19,27,42,15,44,58,55,13,43,25
59,48,31,39,61,52,19,37,41,18,21,38,48,39,49,48,35,63,51,52,15,30,42,20,40,56,63,15,42,20
62,52,29,44,66,61,22,34,45,19,24,32,54,43,43,46,30,60,42,38,22,32,34,14,41,54,61,18,42,28
66,44,33,44,61,52,20,36,42,20,27,39,53,37,53,46,35,59,42,43,19,27,41,18,48,59,61,18,34,15
58,49,28,46,62,52,26,32,33,21,24,38,52,39,46,46,31,52,43,52,18,32,47,19,54,54,59,21,38,20
67,47,25,50,63,56,21,34,33,19,23,36,56,35,41,43,43,57,40,56,32,24,38,17,43,57,50,21,47,18
65,41,25,44,67,57,18,39,38,25,26,39,50,37,47,46,38,52,45,51,23,27,51,16,39,59,55,16,35,21
55,48,28,43,66,60,19,34,31,17,17,44,51,35,54,48,42,57,41,47,18,28,42,18,50,57,54,24,43,21
62,43,33,46,71,58,28,39,33,17,22,34,49,33,50,46,34,65,47,42,22,34,38,14,47,55,50,16,45,19
63,51,35,39,59,57,22,36,36,12,27,43,46,39,48,48,41,58,49,51,21,29,34,12,44,59,49,17,47,20
57,50,32,42,66,63,19,34,39,20,21,33,51,37,56,43,27,50,50,44,23,31,36,21,54,55,57,20,44,17
54,43,30,47,61,60,19,40,40,16,26,35,54,43,53,47,39,59,37,50,17,26,35,15,44,59,58,24,40,21
62,53,32,45,58,57,31,36,38,18,26,36,50,36,55,38,35,59,40,45,17,26,33,23,40,58,62,25,37,21
60,45,34,48,68,59,21,30,38,20,21,42,50,33,49,45,31,56,46,47,17,32,42,17,48,52,55,14,50,22
54,57,30,47,63,56,29,36,38,17,22,36,48,34,50,51,28,55,47,48,16,32,37,16,41,59,56,21,47,21
54,48,35,43,70,57,19,34,36,18,27,39,52,43,49,42,33,52,43,45,22,29,29,19,40,64,55,27,45,23
62,57,19,35,60,57,21,38,37,13,24,39,51,32,42,45,44,53,45,48,23,38,45,15,46,58,66,23,40,16
61,39,30,46,66,57,20,36,34,17,22,40,53,40,50,39,38,55,50,56,19,32,38,21,41,58,59,17,44,14
62,58,32,41,59,63,22,30,35,16,33,39,52,35,41,48,44,56,41,44,17,35,40,20,39,56,53,18,40,23
59,43,29,39,66,58,21,33,32,23,22,35,53,41,48,47,42,59,45,52,20,31,37,16,43,60,56,16,44,22
61,45,30,46,66,60,14,33,44,17,22,36,36,33,52,48,34,55,48,54,20,29,41,17,47,57,56,22,39,30
55,54,27,34,65,62,19,38,51,14,19,36,48,30,46,47,35,58,45,53,23,28,43,19,48,58,58,22,35,22
59,42,29,48,63,60,20,36,36,13,32,43,47,45,53,43,35,52,49,52,22,31,35,18,45,60,58,15,34,17
61,39,28,39,69,52,19,40,34,19,26,43,54,31,45,44,38,55,42,50,20,29,41,24,53,61,54,16,42,24
56,42,32,54,65,56,29,36,37,23,30,34,59,39,47,44,33,45,49,53,17,22,42,14,45,60,57,9,43,20
57,46,28,43,66,55,17,37,35,14,31,37,56,41,42,42,32,60,48,44,19,25,41,20,48,65,61,19,50,13
60,53,36,32,69,58,22,31,35,14,26,44,51,30,49,50,36,56,39,53,19,23,45,21,52,55,55,14,46,18
61,52,30,41,68,52,20,26,39,16,30,38,62,40,39,46,30,60,43,50,24,36,32,22,54,57,53,18,38,15
55,49,28,35,68,54,25,32,37,19,28,36,54,41,46,46,31,65,45,54,27,26,32,22,50,58,55,22,35,17
55,42,38,43,66,54,24,36,44,20,24,45,59,38,52,49,27,57,45,52,24,34,32,20,43,51,53,16,34,15
56,52,34,40,62,52,18,41,41,18,28,34,50,38,57,43,33,59,48,40,16,28,46,24,45,57,57,24,33,18
61,48,31,42,66,59,22,37,36,21,20,43,54,42,45,51,32,55,39,41,26,27,35,20,46,56,55,23,39,20
60,52,25,45,68,54,24,36,42,9,20,28,56,27,49,40,40,59,42,53,19,28,47,15,48,59,58,17,49,23
49,45,34,45,69,59,18,34,35,20,21,46,48,31,43,48,37,56,54,54,20,32,33,18,38,58,57,20,48,22
56,46,26,49,61,60,20,43,40,11,22,41,55,41,46,43,35,56,40,51,21,29,45,25,44,60,46,26,37,17
58,53,32,46,68,49,17,42,43,18,31,31,45,36,39,46,28,57,42,48,20,31,43,20,48,56,60,19,44,22
54,53,25,42,62,47,24,41,37,17,28,39,49,34,48,36,39,62,45,50,20,29,38,30,45,57,57,17,43,24
52,46,32,40,67,58,18,33,48,16,24,42,58,40,50,42,45,52,46,39,12,28,44,14,51,60,60,19,37,19
58,43,26,53,64,57,20,44,35,14,25,41,52,27,51,40,38,58,40,46,16,37,38,18,49,53,55,22,50,22
65,47,32,40,67,51,23,31,42,16,26,45,54,34,44,47,28,52,43,45,19,32,35,20,44,60,63,17,43,27
55,40,28,36,62,60,23,32,54,23,27,39,47,35,50,52,45,55,41,46,16,30,37,19,47,54,56,18,43,22
55,46,30,46,61,54,24,35,38,18,23,34,53,40,48,42,36,58,43,49,18,36,48,17,46,56,54,27,44,13
53,46,34,48,69,52,24,35,35,16,27,38,50,41,44,44,38,63,45,46,20,34,40,9,47,53,59,21,40,21
63,48,25,43,69,51,22,38,40,23,23,38,48,29,49,46,36,55,45,44,20,35,30,22,54,63,55,16,42,20
61,52,38,42,62,51,25,44,39,19,23,33,55,33,51,44,33,54,38,50,16,27,37,21,47,57,60,18,43,19
62,46,23,53,68,55,19,32,35,20,22,41,49,35,53,46,41,47,37,53,19,25,39,17,54,63,57,19,42,20
59,53,27,44,62,57,21,39,43,15,28,39,52,40,45,44,29,53,42,48,20,23,43,16,46,57,62,21,39,25
54,58,32,41,57,55,28,38,44,17,30,43,53,30,50,47,40,55,51,40,17,23,30,12,47,63,53,17,43,24
58,42,24,42,61,53,21,41,40,22,31,45,57,42,51,38,32,58,47,36,17,35,39,16,47,57,54,19,52,15
53,42,30,42,61,57,23,51,42,19,22,34,52,44,46,47,33,57,43,48,19,34,38,20,52,61,57,10,36,19
59,40,31,48,61,58,21,37,40,10,19,36,57,34,52,43,34,59,37,54,27,32,42,21,48,59,57,19,40,17
56,48,30,36,71,56,21,44,34,15,24,39,51,42,41,57,30,61,54,43,17,25,39,24,49,52,50,16,48,19
62,56,29,46,64,54,16,26,42,17,29,38,54,41,38,49,38,59,34,38,17,29,47,18,47,65,60,19,37,23
60,53,27,36,66,56,28,41,41,18,18,42,56,39,44,39,31,54,37,47,16,29,45,19,51,62,52,21,42,22
56,49,23,44,63,61,27,35,40,18,26,34,56,36,51,47,27,64,44,51,24,35,28,14,42,54,61,22,43,17
58,45,28,41,66,52,25,33,42,19,27,39,56,38,57,50,36,58,44,43,20,23,41,15,49,53,56,21,40,17
53,40,31,50,62,47,32,27,43,21,28,33,55,40,51,47,28,51,45,46,24,30,43,15,52,62,52,18,49,17
62,46,29,44,62,53,22,35,33,15,28,32,55,36,46,43,43,52,42,55,21,33,39,19,57,60,56,21,39,14
58,43,36,51,68,45,16,36,39,16,18,41,56,35,52,43,38,61,36,49,22,29,35,14,44,62,64,18,43,24
62,44,36,34,60,56,28,38,29,22,25,47,51,41,49,43,39,51,46,47,13,39,40,16,48,50,52,21,41,24
59,48,29,35,66,59,18,33,38,17,26,42,53,39,42,44,39,61,41,41,24,29,40,19,44,63,52,21,45,25
54,49,31,49,66,51,25,37,39,17,28,47,55,39,47,36,39,61,41,48,21,33,29,21,38,56,62,22,33,18
58,45,29,45,63,52,24,30,41,18,24,47,54,44,49,39,31,56,50,43,22,32,43,14,45,58,58,16,44,18
57,38,24,47,71,61,24,32,36,16,26,45,51,34,56,50,40,59,42,53,21,31,33,20,38,54,54,21,38,20
57,45,30,50,58,54,24,32,37,18,23,38,53,43,56,36,35,65,43,50,20,30,42,11,45,58,62,13,48,16
51,50,23,35,60,53,26,34,44,23,23,44,45,33,47,48,37,65,47,42,21,34,46,14,56,62,52,22,33,22
54,44,31,45,62,57,19,35,43,18,22,48,53,33,50,51,32,53,46,46,22,34,35,19,38,61,56,20,42,23
52,41,30,40,68,57,21,44,38,18,31,43,53,34,52,37,29,54,39,48,22,34,51,18,45,57,59,17,41,19
62,43,34,51,55,52,19,40,39,20,22,34,54,31,51,43,36,56,41,39,19,33,38,19,50,63,59,20,51,18
62,49,30,41,65,58,25,37,34,25,21,37,54,27,47,49,32,65,46,50,22,31,29,10,54,60,56,19,44,13
60,53,31,47,69,54,23,30,37,16,24,41,53,33,53,41,34,64,33,45,21,25,38,18,51,58,58,23,39,20
59,50,30,49,63,55,27,38,32,15,18,41,45,34,57,48,39,54,46,48,17,38,37,23,41,60,58,22,28,20
55,47,31,40,60,50,24,33,33,14,24,39,56,33,53,45,27,53,44,53,21,33,47,20,52,56,66,14,44,25
58,40,24,45,65,51,19,33,34,20,24,40,50,33,49,48,38,62,42,50,13,41,48,22,50,61,60,16,39,17
58,49,37,39,69,57,22,33,33,19,20,40,57,42,50,44,37,56,42,41,23,30,46,13,46,54,57,18,43,17
61,48,42,45,64,57,22,43,34,17,16,46,56,39,46,40,34,56,44,51,20,29,38,18,44,51,58,19,35,19
62,49,30,37,61,61,19,43,36,23,24,36,54,31,41,42,31,58,40,47,21,38,41,21,49,60,51,21,45,20
59,41,26,48,70,57,30,35,32,18,22,31,47,43,52,41,44,59,42,40,18,29,46,15,48,58,60,22,43,16
58,49,29,43,64,58,20,34,42,18,23,32,59,33,45,47,37,62,40,49,20,37,47,19,52,61,53,15,28,18
58,46,34,43,70,60,22,38,38,19,25,38,58,38,44,40,25,54,40,51,23,32,42,20,44,61,52,13,42,22
57,44,21,43,66,54,25,34,36,17,26,43,52,36,52,46,40,59,47,44,15,37,38,21,54,54,58,17,38,18
59,50,31,45,72,56,14,37,35,15,28,31,47,39,38,46,32,66,44,47,20,33,48,17,48,60,56,22,42,14
53,44,26,37,64,47,25,36,39,19,24,45,57,36,53,41,29,59,43,45,22,34,43,24,41,56,60,23,44,23
62,50,24,49,64,54,17,31,41,14,26,41,55,40,49,48,32,55,52,48,22,27,39,14,49,52,60,19,39,19
62,49,32,42,63,54,23,38,40,16,24,43,57,28,50,48,28,58,41,47,16,30,39,20,51,64,54,20,36,19
53,52,23,38,64,50,23,33,38,21,36,33,62,39,37,50,36,58,54,47,21,31,31,23,50,59,52,23,37,18
57,53,28,44,68,58,21,36,37,16,24,39,45,38,42,48,34,56,44,48,17,36,39,17,49,64,56,21,38,19
62,55,36,44,66,52,20,38,38,15,25,44,50,45,42,46,32,53,44,52,17,27,35,19,45,59,54,21,37,19
57,44,33,48,67,59,30,34,37,19,23,42,52,28,45,44,27,57,45,48,22,27,48,17,45,53,57,32,40,12
62,45,27,48,60,57,19,33,42,19,25,34,54,33,45,45,33,53,51,52,20,35,43,22,44,55,57,20,45,14
61,52,23,40,67,59,22,30,38,19,34,36,58,35,41,46,36,59,40,39,18,26,42,14,49,60,61,17,46,24
59,52,36,50,67,57,18,27,33,17,14,47,43,41,48,43,44,62,43,46,25,27,38,20,40,51,58,21,47,18
59,49,32,47,59,53,15,28,38,21,21,38,54,40,46,45,37,59,48,56,18,27,40,18,43,58,58,24,42,19
61,54,26,48,64,58,25,33,38,16,28,41,52,32,42,44,35,55,43,51,21,38,30,22,51,60,47,16,45,16
53,47,26,51,62,52,17,38,44,22,28,37,59,36,52,39,35,61,47,47,19,31,35,17,46,60,55,14,43,19
56,43,29,49,59,52,20,36,39,17,23,45,60,32,49,48,29,50,38,47,21,38,48,20,47,62,58,18,45,14
63,41,31,47,60,64,26,37,35,17,23,36,50,36,51,40,34,61,53,52,18,33,40,15,43,54,58,20,34,20
53,50,29,46,66,52,17,38,44,20,31,38,53,32,50,44,25,55,36,49,21,31,45,23,48,56,58,21,39,22
60,46,35,52,65,60,22,36,38,15,23,33,52,34,49,40,34,60,42,47,21,34,45,24,40,51,50,20,44,20
56,42,31,51,62,58,23,37,37,20,20,37,48,45,40,41,35,49,37,59,21,33,44,17,48,61,58,19,43,20
48,45,27,51,60,55,22,41,34,17,26,46,52,35,46,40,34,60,49,42,29,26,43,14,53,59,61,14,44,19
55,54,35,46,72,56,17,42,36,16,25,34,56,31,48,38,38,56,47,56,16,34,41,16,46,57,57,12,38,17
67,49,32,37,64,57,20,37,39,17,21,46,54,32,44,47,23,52,49,48,19,27,46,20,43,67,49,19,44,23
48,47,24,47,66,58,22,34,43,17,24,46,51,38,44,48,30,54,41,47,21,36,39,20,48,60,50,21,46,22
61,48,27,42,65,60,23,31,26,16,35,37,53,33,47,50,25,52,48,46,22,28,37,26,44,59,65,23,46,17
60,56,29,39,65,46,12,40,40,17,24,43,50,36,43,57,29,64,40,42,20,36,43,19,50,56,59,20,37,20
60,48,29,41,67,60,13,33,46,20,22,39,45,33,52,41,36,61,39,45,24,31,33,20,47,60,61,22,37,27
62,49,33,44,64,55,22,32,41,20,23,41,58,39,46,44,36,60,43,47,19,28,38,18,45,55,55,22,37,16
61,51,24,46,63,58,19,33,41,18,22,35,56,35,46,38,32,61,51,54,22,37,31,21,45,58,53,19,46,16
58,56,27,43,68,57,17,31,35,21,25,42,52,39,43,47,36,49,42,53,27,28,40,14,43,60,58,19,39,23
61,49,27,40,64,58,18,40,41,17,25,35,60,42,53,43,30,59,40,45,19,34,49,15,51,56,50,16,36,19
55,48,25,49,61,62,21,33,32,20,26,33,51,39,42,42,30,57,45,52,21,36,45,18,44,65,58,19,44,19
63,53,25,48,59,51,22,33,35,16,28,41,53,36,48,41,40,52,50,45,20,27,47,18,46,55,55,16,51,18
59,45,30,41,64,60,20,41,40,21,24,40,51,30,48,51,33,56,39,51,14,24,39,21,52,57,59,21,39,22
58,45,25,42,61,61,22,43,39,21,22,35,49,32,52,44,40,59,40,48,22,26,42,20,54,59,55,18,36,22
62,45,26,39,67,62,20,41,38,15,22,40,54,45,50,44,37,57,39,42,17,32,37,19,50,58,53,19,44,18
51,53,32,37,62,55,27,35,29,14,20,36,60,46,42,55,31,58,52,55,26,26,36,12,51,63,58,12,41,17
54,53,31,48,65,53,21,35,44,20,16,40,53,36,50,46,38,57,45,55,16,28,42,18,47,57,52,14,37,21
52,52,25,45,62,55,23,38,40,16,27,39,52,38,37,46,38,56,49,50,18,30,40,23,29,61,67,20,44,20
60,50,26,47,67,63,32,32,39,18,28,40,44,35,48,37,38,61,43,42,18,33,35,21,41,55,52,20,44,23
57,47,34,45,60,55,18,33,42,17,24,39,50,46,60,44,32,50,45,48,23,36,30,22,40,65,56,18,41,15
56,52,35,48,59,61,24,29,37,14,29,41,54,36,51,32,30,58,47,50,19,28,37,19,53,51,61,25,35,21
61,39,30,40,70,54,18,31,44,19,26,42,45,36,52,54,37,52,50,45,20,31,38,20,44,62,57,17,47,11
53,49,28,45,65,53,17,32,37,18,30,39,52,37,51,39,42,55,45,48,20,34,41,20,55,55,59,19,39,15
58,50,27,40,66,51,27,36,34,12,25,41,57,48,43,39,33,52,48,51,16,30,47,19,49,57,45,18,52,21
57,53,21,47,66,48,23,41,42,24,25,35,52,31,52,51,30,54,44,54,16,25,39,12,47,64,58,17,41,23
60,45,29,51,72,54,20,36,45,16,20,40,50,36,51,41,37,49,33,40,17,33,37,18,53,64,61,26,41,17
63,45,36,45,61,58,22,32,45,20,32,41,50,40,46,40,33,58,38,50,16,29,32,22,47,61,60,15,39,16
64,49,35,46,62,55,28,32,36,19,20,33,52,35,47,51,35,56,43,50,16,29,34,13,55,59,62,12,42,22
53,38,29,42,67,59,17,35,41,18,20,35,51,43,43,41,36,50,53,43,28,37,42,20,51,60,56,20,40,24
50,48,31,50,63,52,20,32,49,14,25,41,64,36,45,44,33,56,49,46,21,23,43,17,42,59,62,17,45,15
57,49,31,43,66,54,23,33,42,12,21,45,53,41,51,48,32,53,37,51,25,31,35,17,39,63,59,20,42,19
60,49,36,40,68,59,22,34,46,20,28,38,52,37,38,47,32,63,41,50,19,33,40,21,37,55,56,11,43,17
63,51,29,44,63,52,22,37,36,17,32,30,53,41,43,45,29,57,45,45,20,31,37,17,55,58,54,22,36,28
54,54,26,36,68,58,18,36,41,19,20,46,56,41,49,40,40,54,43,45,19,27,39,22,44,48,63,23,45,18
55,50,28,56,64,57,22,36,38,18,20,39,54,42,43,40,37,48,40,45,21,32,45,22,44,59,49,17,43,28
59,45,30,36,62,61,24,42,39,24,28,41,52,30,44,51,30,58,41,47,17,35,37,17,45,58,57,20,44,18
60,50,25,37,64,60,18,44,32,18,25,35,59,36,48,44,40,55,42,44,18,28,41,21,44,62,60,17,45,20
59,44,26,48,60,56,26,35,47,27,23,31,52,38,44,49,30,67,39,51,15,37,35,17,50,54,49,20,47,16
57,46,28,42,66,52,25,34,37,18,17,44,46,30,48,42,34,60,53,50,20,29,42,15,53,57,60,21,48,18
62,42,26,45,72,62,18,31,40,19,21,42,52,34,44,40,34,64,39,51,22,30,43,11,51,56,56,21,45,19
63,42,29,42,63,51,24,36,40,11,32,40,51,39,57,44,28,61,34,43,24,30,37,21,51,61,59,13,40,26
61,40,26,39,67,52,29,35,38,19,25,34,56,34,43,51,41,59,49,44,20,27,44,24,45,54,55,24,38,19
56,53,36,35,71,43,25,39,46,12,22,35,51,40,51,50,36,57,42,50,13,28,46,14,48,53,56,24,42,18
59,51,20,49,58,53,29,34,32,14,24,38,47,28,47,50,42,59,42,42,21,38,41,16,42,62,61,20,44,29
54,53,32,51,72,57,16,31,45,15,20,42,49,33,43,43,25,54,47,50,21,32,34,19,51,60,55,24,39,25
67,42,34,39,68,55,21,36,40,16,18,41,50,38,49,47,29,50,50,43,18,35,47,17,55,57,51,20,44,15
60,46,36,50,66,64,21,32,45,19,28,35,52,36,52,44,32,60,42,54,16,29,35,14,50,51,57,17,34,15
50,40,37,37,77,56,26,39,40,20,21,36,61,38,43,45,34,60,38,50,20,28,46,20,41,54,56,24,37,18
53,40,33,38,66,57,19,31,28,18,27,38,57,42,46,47,42,62,48,49,19,32,31,22,41,59,60,20,42,25
65,45,31,48,62,63,17,34,38,20,26,43,52,38,49,53,33,58,37,51,17,34,37,16,48,53,45,17,41,21
59,43,30,42,65,57,15,36,42,26,26,39,50,34,43,48,44,47,44,51,27,31,37,21,47,53,52,22,42,19
56,56,29,41,66,56,18,39,39,13,20,41,48,33,49,50,40,55,39,49,27,27,42,17,47,62,56,13,42,22
60,40,34,58,58,56,25,37,42,20,22,38,56,42,52,35,37,52,43,47,19,33,34,16,52,62,66,13,30,13
57,44,32,44,60,60,19,32,41,19,30,32,52,38,54,38,36,56,49,49,23,32,33,20,48,59,54,22,42,17
61,47,27,46,65,58,13,39,40,17,21,40,48,40,53,45,39,57,45,48,25,31,35,19,57,52,49,19,41,15
61,39,33,45,64,63,24,37,36,20,27,37,47,42,51,49,27,57,50,47,27,31,37,15,41,62,58,19,28,18
53,42,25,46,69,50,20,38,35,16,26,36,53,35,47,41,36,52,49,49,25,30,42,20,43,58,62,22,47,25
63,52,29,41,67,58,23,38,36,16,29,42,54,44,47,51,39,52,41,50,16,35,35,18,49,55,48,15,34,15
63,44,31,46,62,63,19,31,46,16,23,45,54,36,48,40,40,59,38,44,16,32,38,23,53,53,51,16,36,26
63,48,31,40,67,57,25,35,44,19,22,40,49,35,45,47,34,49,41,48,20,39,35,25,41,58,54,19,44,18
59,44,34,40,68,59,25,37,30,22,32,29,57,33,52,50,26,52,45,42,20,29,37,19,55,58,59,18,44,17
59,41,36,47,57,57,22,31,39,23,26,36,59,39,48,42,40,59,47,39,21,33,28,23,45,55,55,18,47,20
61,37,26,40,68,49,30,42,38,22,24,43,58,37,39,53,33,57,47,46,18,33,45,12,51,52,54,19,42,16
60,49,28,45,59,56,18,42,39,14,31,34,49,38,39,38,32,62,51,52,20,33,44,17,44,58,54,17,45,24
60,50,28,45,68,59,21,27,40,14,24,37,39,33,48,50,27,56,48,49,21,31,45,17,46,62,58,20,38,31
63,42,33,49,61,53,19,46,44,12,25,35,58,38,58,44,33,57,36,47,22,26,34,17,38,53,57,20,44,28
53,52,39,42,68,53,22,35,38,21,28,36,52,38,48,49,32,54,47,51,19,26,41,17,49,59,54,17,38,14
58,46,29,39,65,48,25,37,41,13,25,47,56,35,45,43,38,56,49,50,16,29,48,18,38,60,59,16,43,20
54,46,32,47,55,55,17,31,41,17,23,47,58,30,46,50,29,64,49,41,20,23,42,23,45,64,58,23,43,19
58,45,27,45,64,56,31,33,32,18,22,38,46,41,46,44,35,53,54,44,19,29,38,30,50,59,55,18,44,18
55,53,27,43,61,51,22,41,42,11,26,37,49,31,45,48,36,54,49,49,25,33,32,21,47,51,64,24,46,19
56,45,35,41,65,53,14,41,42,16,22,34,48,46,49,52,33,57,45,50,19,33,38,22,44,54,59,15,42,22
59,46,23,40,62,54,18,41,41,17,25,43,48,31,54,46,31,58,47,42,18,32,44,17,52,61,56,22,45,19
61,46,28,41,71,53,26,40,36,14,35,39,65,32,46,44,35,53,44,56,19,33,31,22,32,50,61,12,45,22
58,50,30,49,67,57,24,32,37,16,29,38,50,24,53,48,36,51,42,51,19,33,42,14,49,58,57,17,43,18
62,47,32,44,67,50,19,32,36,19,22,39,61,39,44,40,37,53,46,49,19,35,41,16,46,56,57,20,45,19
57,45,27,35,63,52,23,37,45,17,25,42,57,34,50,45,38,55,37,56,22,35,40,16,44,64,50,18,41,22
60,47,28,39,57,62,20,28,45,16,23,35,54,35,55,47,37,58,49,49,16,28,37,20,51,59,55,16,40,26
51,49,34,43,62,53,21,41,40,15,33,40,56,39,51,46,36,51,43,50,15,33,37,21,45,61,54,15,38,19
62,42,31,51,61,56,21,36,40,17,17,47,50,38,45,42,35,57,41,46,14,28,35,20,57,59,57,18,48,21
55,54,29,45,70,56,21,30,42,18,21,34,57,29,45,51,31,58,39,46,17,28,43,25,47,62,62,18,41,18
59,49,32,36,68,61,26,41,31,14,25,43,50,35,46,46,28,59,48,44,24,34,40,18,51,56,56,16,39,17
52,40,31,50,65,50,22,28,38,11,14,37,58,43,47,48,35,61,51,50,22,36,40,16,51,60,52,22,37,25
64,40,27,34,62,61,20,39,38,19,28,38,58,25,44,49,34,56,47,47,23,29,40,22,46,53,57,22,46,24
57,48,35,40,66,53,19,40,29,16,24,42,50,34,52,52,34,56,42,48,17,29,40,21,47,63,54,22,42,20
62,45,24,44,71,53,23,35,40,18,27,36,52,34,42,39,30,58,40,47,22,41,42,25,40,59,55,25,46,17
57,51,36,44,67,45,12,35,32,15,23,35,55,40,47,51,39,52,49,45,18,32,42,20,43,57,61,22,45,22
57,39,29,45,65,56,24,36,35,20,26,52,54,32,47,42,39,56,36,41,17,30,38,16,45,63,60,24,45,23
59,51,29,39,66,56,20,49,31,17,23,35,47,38,48,43,27,52,45,52,23,36,42,19,46,58,58,19,41,23
58,53,22,45,60,49,25,36,34,18,28,36,55,40,52,50,36,58,39,52,25,34,37,11,48,54,62,20,34,21
65,42,27,42,67,57,20,44,35,18,25,36,51,31,49,41,35,59,52,41,21,31,39,19,47,56,56,21,44,21
57,45,31,51,62,56,26,35,35,14,20,49,55,37,44,56,43,54,42,43,14,26,45,13,42,56,59,15,44,23
60,43,29,42,64,61,18,39,46,16,18,37,48,31,53,52,32,62,46,43,18,29,44,17,46,57,58,22,38,23
61,50,31,44,64,58,26,35,36,13,25,49,48,40,48,42,38,47,42,57,18,33,44,11,46,54,51,20,39,22
60,49,30,42,65,48,20,34,35,19,29,38,53,35,53,46,32,55,40,48,15,35,41,24,49,56,54,21,54,12
62,44,32,49,67,62,18,35,36,14,23,41,56,31,50,50,35,56,36,53,16,28,34,15,49,58,57,20,42,23
63,45,30,36,64,51,20,34,43,17,28,31,48,38,49,51,35,58,49,46,13,39,45,16,39,57,61,23,45,18
58,41,28,46,70,56,23,30,40,17,31,40,47,40,43,39,36,65,46,43,24,31,47,26,44,52,54,14,44,17
59,45,34,47,66,55,17,37,41,13,34,30,56,38,50,37,30,56,42,48,21,32,46,21,42,53,60,18,40,24
60,52,26,45,65,58,16,32,42,17,27,36,52,41,48,47,33,53,50,49,19,29,38,22,46,60,53,19,43,14
57,43,31,33,65,67,23,33,44,14,28,38,53,42,50,44,39,59,46,43,16,37,35,25,46,58,50,19,39,15
66,47,22,47,62,46,22,37,43,15,32,39,51,36,43,46,35,57,38,51,22,30,49,15,43,60,54,16,48,20
62,48,28,37,65,61,24,26,39,15,25,37,56,34,50,50,38,56,45,45,16,34,34,19,40,57,65,21,45,20
56,50,46,44,65,53,17,31,35,17,20,38,50,33,55,53,26,60,46,53,25,23,37,19,53,57,56,19,33,22
65,50,41,39,60,63,33,25,46,15,18,45,55,31,42,41,35,53,46,54,24,30,35,15,44,60,58,14,36,19
57,46,31,51,69,55,28,42,41,19,29,37,51,30,52,48,29,60,40,57,19,27,36,13,42,57,56,15,33,22
56,53,31,36,66,61,20,31,40,13,27,42,58,32,38,44,36,49,37,55,20,32,37,18,42,62,62,21,44,29
56,49,30,35,66,55,21,42,35,18,30,39,50,33,47,44,33,56,47,47,23,30,39,20,43,62,61,19,43,19
59,50,27,44,66,61,20,33,33,16,27,33,59,37,45,49,32,54,49,50,18,33,46,19,49,55,59,15,36,18
57,45,24,35,60,54,18,41,26,18,23,45,57,37,52,44,32,57,47,42,22,41,37,20,51,58,59,20,50,20
51,38,29,45,62,66,25,32,40,16,20,36,55,35,47,39,45,57,52,49,22,34,32,23,49,53,61,22,42,15
57,51,24,39,67,59,35,40,33,15,25,35,60,34,49,39,39,57,40,51,21,28,37,16,46,58,58,22,35,22
61,48,33,35,73,56,33,38,37,20,25,34,54,41,43,45,33,58,49,42,20,35,42,20,38,58,52,18,38,13
57,45,24,42,62,58,19,34,38,20,31,43,54,46,49,43,36,54,48,48,17,31,40,17,44,60,51,27,38,16
54,51,20,41,63,57,24,36,42,24,25,39,58,44,44,50,34,51,44,43,15,30,42,20,52,53,51,25,42,18
56,51,27,42,66,53,21,31,37,22,33,36,48,37,47,41,29,64,38,53,16,28,40,16,54,63,57,20,44,22
62,42,32,38,69,59,18,35,41,14,27,40,48,43,39,52,39,53,50,47,20,38,45,12,40,55,51,18,43,22
61,50,31,44,68,53,19,39,41,16,17,44,59,34,50,46,32,55,50,49,16,30,40,21,43,56,55,15,41,17
58,50,26,45,65,50,18,40,46,19,22,35,49,27,54,44,36,51,51,52,21,30,35,19,48,62,58,17,40,24
54,41,29,38,68,53,25,39,43,17,23,34,43,38,46,39,41,59,46,48,19,41,37,16,48,57,59,23,47,21
59,41,28,48,67,61,19,41,41,16,20,41,59,34,48,40,32,56,41,42,22,27,38,24,49,62,54,20,43,19
54,43,29,47,64,54,20,39,37,13,26,41,47,39,54,39,33,58,40,53,20,35,39,19,53,57,50,22,44,23
56,47,31,47,69,47,24,34,44,18,21,45,50,28,48,47,29,54,35,58,17,42,33,22,49,55,61,14,42,25
59,40,33,44,64,58,24,33,36,27,35,36,51,36,48,46,41,61,40,48,20,31,44,18,44,54,52,15,39,15
61,53,31,50,58,59,18,30,38,18,25,39,52,46,49,52,25,56,41,49,21,30,38,21,46,60,47,19,44,16
59,47,31,43,64,56,16,31,37,16,26,44,54,35,47,38,34,56,41,50,24,30,45,19,56,54,60,23,36,20
60,45,30,45,63,56,27,36,43,23,21,35,50,43,42,50,32,52,43,41,13,37,47,16,46,61,59,15,41,20
58,48,28,38,65,55,26,32,36,14,21,43,50,37,43,46,37,55,44,45,27,27,44,21,47,64,59,19,42,21
65,49,29,52,66,50,22,38,40,20,20,42,50,42,48,46,36,57,43,43,15,29,30,18,43,64,55,17,41,22
62,46,24,39,67,62,24,33,35,16,25,37,48,35,45,40,31,59,45,55,20,38,41,18,46,59,56,21,40,25
53,43,36,42,63,59,30,41,35,22,21,41,51,33,46,43,34,62,50,46,22,39,30,21,40,59,60,20,33,17
54,35,31,37,70,49,23,32,39,18,23,51,52,39,49,58,38,59,52,46,22,33,38,18,48,55,58,18,31,16
60,49,33,42,65,56,25,36,46,15,19,36,56,32,57,40,34,60,43,43,15,33,38,23,41,57,54,19,42,23
64,56,25,52,70,52,27,33,38,17,21,40,50,31,52,51,27,62,49,38,22,26,32,17,49,52,52,25,44,18
57,54,32,36,63,59,24,38,32,16,23,36,55,39,45,44,31,62,46,53,21,30,43,21,46,56,54,17,40,19
63,47,20,41,65,56,14,31,51,19,36,34,56,37,46,48,37,58,34,43,22,32,37,17,49,59,56,22,42,20
55,50,38,38,63,54,18,37,40,16,32,39,57,43,43,48,32,47,46,48,20,33,43,17,46,59,58,19,38,15
58,46,28,43,66,55,17,35,39,15,26,33,55,45,53,41,35,56,40,55,27,21,46,22,45,60,53,17,37,23
56,42,35,40,63,62,22,41,38,19,27,31,58,39,48,51,35,54,40,47,18,37,35,18,44,60,55,16,43,18
66,46,32,45,66,55,26,37,39,19,28,32,48,36,50,45,32,58,39,56,23,27,37,20,40,60,58,16,43,13
59,36,30,49,65,56,26,41,35,22,24,36,57,38,54,43,32,60,42,43,22,28,52,20,40,57,53,16,37,19
55,47,30,48,66,59,26,39,45,11,27,37,52,38,40,45,35,64,56,46,16,24,38,16,44,57,51,21,40,19
55,40,26,49,62,61,18,35,35,18,27,43,50,35,47,44,35,55,43,50,22,30,38,16,43,68,57,26,44,20
56,52,30,48,66,53,27,34,41,14,30,35,53,31,38,52,32,57,42,53,29,29,41,19,47,57,57,14,39,16
60,49,27,50,64,58,20,30,41,16,29,44,52,43,48,55,28,57,49,43,16,30,36,13,47,61,56,17,34,19
57,46,27,48,64,56,26,31,34,10,18,37,57,48,49,50,38,55,49,51,22,27,30,17,53,55,59,19,38,21
63,50,27,36,63,57,27,33,39,10,24,43,50,31,52,50,37,55,42,45,27,25,36,15,54,62,57,19,42,21
62,48,26,48,62,55,23,35,48,17,21,44,58,30,51,43,33,55,46,50,17,31,32,20,47,61,55,19,36,19
61,49,28,45,58,47,26,40,42,20,23,42,56,35,52,38,34,47,47,51,21,30,37,18,50,62,58,17,37,21
60,45,37,49,66,53,25,36,35,19,21,38,57,31,56,53,30,55,40,51,20,32,44,18,40,52,51,19,43,16
56,46,28,40,67,51,23,38,35,20,32,41,54,41,53,44,37,57,42,47,20,23,42,13,52,54,61,14,39,22
55,46,28,48,65,53,34,38,33,17,20,35,44,39,47,43,40,61,48,45,28,34,34,19,52,63,51,18,38,16
60,51,28,46,65,52,27,30,35,28,25,35,49,35,49,51,36,57,38,57,20,25,41,19,45,58,55,15,43,17
68,47,30,41,61,58,19,29,40,22,25,38,56,37,46,46,27,58,42,50,19,40,38,19,46,60,54,12,42,22
64,40,25,44,65,64,20,29,34,28,20,32,56,33,47,46,37,57,45,45,23,28,35,22,45,64,58,20,47,19
61,49,30,48,73,51,28,39,37,16,22,39,46,42,54,43,33,52,40,51,21,29,36,18,52,62,48,19,40,13
60,44,34,49,70,53,19,31,37,18,26,37,61,37,42,38,40,55,47,48,20,36,39,27,39,54,58,17,39,17
60,45,28,46,66,52,15,33,34,12,30,44,53,31,42,48,34,58,47,53,19,33,37,22,49,58,60,24,45,14
67,46,32,47,65,63,17,42,49,19,20,32,56,31,44,47,39,56,38,39,18,29,42,18,46,58,52,18,41,21
53,44,25,43,65,55,25,33,42,16,23,39,52,39,56,44,32,58,50,41,16,30,40,28,44,60,56,17,47,19
58,43,28,45,60,50,24,34,43,20,25,42,47,34,48,43,39,55,46,43,24,38,38,18,45,56,59,28,42,17
60,47,29,39,66,53,20,34,43,18,26,44,57,41,47,40,36,62,37,47,17,31,40,20,42,63,54,14,41,24
56,46,25,46,64,59,17,42,38,28,28,35,52,35,44,45,35,56,48,45,26,36,32,18,40,63,57,19,38,19
57,46,33,46,67,54,25,32,41,17,28,38,50,29,55,52,35,57,41,49,16,37,40,17,35,53,62,15,44,21
63,43,28,39,60,54,21,48,44,21,28,43,56,34,50,46,34,48,38,54,25,28,41,14,38,53,58,20,46,17
60,43,25,46,63,59,30,35,41,17,20,38,54,30,43,41,44,59,43,48,25,30,45,20,41,54,62,16,43,17
57,54,22,38,65,57,22,37,41,19,27,43,57,31,53,38,30,57,40,52,19,30,40,16,48,57,57,18,50,17
61,51,32,38,64,59,16,37,42,19,30,46,45,35,36,39,30,56,51,54,30,26,43,17,42,60,62,19,39,13
60,46,29,41,61,51,16,36,42,21,27,41,58,47,42,46,42,59,49,44,18,20,43,18,42,53,54,21,45,20
61,48,29,43,67,56,18,35,31,14,22,51,52,40,56,41,38,52,41,48,24,38,38,15,52,55,52,14,41,20
62,46,31,43,66,46,23,32,33,18,25,38,61,38,48,38,39,52,47,55,22,32,42,18,49,56,55,18,42,17
58,54,33,38,59,62,17,34,44,16,28,43,56,29,50,43,31,57,42,42,19,37,48,14,47,52,57,17,42,23
64,53,25,40,64,52,23,30,44,16,22,33,48,42,44,41,36,63,39,46,19,37,43,21,47,60,54,21,44,21
60,46,28,39,64,50,17,32,40,21,20,38,60,43,49,48,35,56,39,48,19,29,36,15,54,61,61,21,45,18
53,40,29,36,59,58,21,34,37,21,31,45,55,43,51,46,34,59,43,49,23,31,39,22,44,62,55,18,35,19
55,38,31,40,67,53,22,38,41,20,21,39,44,34,51,51,37,61,43,49,25,29,38,23,43,58,55,21,39,26
59,50,35,47,64,54,23,36,41,21,27,34,50,30,48,36,32,50,45,46,19,35,44,17,58,54,56,20,41,20
58,46,20,59,62,58,32,34,33,12,22,38,51,37,42,47,34,56,49,44,24,33,41,17,47,58,56,24,40,18
58,50,30,40,61,55,18,32,34,19,29,42,52,38,46,39,33,59,52,56,19,24,50,15,39,56,56,20,49,21
46,53,35,45,68,59,21,28,45,21,24,38,48,37,50,47,35,62,44,41,20,29,35,18,46,51,65,19,44,18
48,48,25,41,68,61,19,40,35,27,24,38,56,39,51,50,40,55,50,46,19,28,28,16,56,57,53,23,30,21
58,46,31,48,70,56,22,37,33,15,24,51,53,43,47,44,33,57,43,46,15,27,40,15,47,62,58,19,33,19
62,53,27,45,59,57,20,31,45,14,31,45,46,37,42,51,35,65,39,57,21,27,45,12,43,58,52,15,42,16
58,43,37,46,63,57,26,37,47,12,23,44,59,28,47,46,27,54,44,43,17,36,41,25,46,59,58,18,35,16
54,44,34,42,64,51,23,29,39,20,28,44,46,42,49,45,34,57,48,59,22,25,42,13,46,55,62,19,37,19
59,50,32,51,72,62,24,37,35,18,22,35,47,29,41,44,37,55,39,44,15,33,38,23,45,62,58,25,42,18
62,50,31,44,63,56,21,37,36,21,25,42,62,39,51,43,27,48,42,49,19,33,38,17,45,57,59,14,35,26
62,48,31,44,65,52,21,43,36,19,24,41,48,39,54,46,39,53,40,48,21,27,39,15,43,58,62,18,40,16
53,46,30,43,72,56,20,39,42,20,23,35,42,46,44,42,36,60,45,52,18,29,42,16,44,52,59,14,51,21
59,46,27,46,63,53,20,38,44,16,26,40,60,30,45,51,35,61,45,48,22,28,40,18,52,52,55,19,39,14
51,48,27,42,69,53,22,35,38,14,26,43,58,39,51,46,37,53,41,47,19,36,42,20,44,54,55,15,41,26
53,51,29,41,68,54,29,33,40,18,24,40,47,28,49,51,28,55,45,47,31,31,41,21,46,58,57,17,40,20
54,44,29,49,67,51,24,33,37,24,23,38,53,36,50,45,33,61,42,47,18,35,39,22,43,57,55,20,41,22
53,51,25,48,60,51,26,38,44,17,26,41,56,36,49,44,29,62,53,47,26,28,42,19,43,56,48,19,39,16
65,57,28,46,65,57,25,46,38,14,23,36,47,29,46,40,35,54,45,50,25,35,41,19,52,57,48,15,39,15
56,54,35,46,65,44,17,39,41,17,26,31,49,34,52,56,40,51,47,48,17,31,46,28,41,52,58,16,39,16
58,43,39,41,71,53,27,34,40,19,35,32,45,38,44,44,35,55,51,43,17,36,48,20,35,59,46,26,37,21
62,48,26,42,63,54,29,42,39,16,28,42,45,33,40,53,39,55,46,46,24,26,36,15,54,59,55,16,40,19
56,60,26,38,66,61,21,41,35,20,25,40,48,39,51,42,32,56,52,41,23,26,35,17,41,61,60,23,37,19
62,43,30,36,63,52,19,35,48,20,26,35,54,41,49,49,36,53,39,44,20,33,41,16,51,61,61,20,36,19
61,52,32,41,58,59,21,45,35,18,18,41,56,38,57,52,36,53,42,43,16,26,42,18,45,57,53,16,42,19
50,38,31,45,61,57,17,44,36,19,27,30,49,31,59,44,30,60,49,46,21,36,39,22,56,59,61,19,38,18
57,49,28,52,66,60,19,27,39,13,24,40,55,35,50,41,29,59,38,57,27,32,46,23,45,60,52,14,36,19
63,50,31,46,62,53,24,34,34,16,16,40,49,36,47,47,38,56,51,47,21,30,39,14,50,61,56,19,45,17
54,48,25,44,62,60,22,37,34,12,15,34,64,36,51,45,41,61,47,46,23,32,41,17,49,52,61,22,34,23
57,47,35,51,57,52,20,37,39,19,24,36,46,40,47,48,37,61,43,51,18,30,32,24,46,60,55,18,45,17
62,45,27,38,67,56,20,31,33,20,29,38,55,37,49,45,39,54,40,48,22,26,42,19,53,68,53,20,40,16
58,50,30,41,67,57,22,36,39,13,23,35,52,32,40,56,37,62,42,47,20,26,47,22,39,61,58,21,45,14
56,49,35,46,60,55,20,34,40,14,22,44,51,33,47,49,29,55,49,47,16,25,35,21,53,59,57,23,46,22
56,51,28,47,68,55,23,28,35,15,22,43,53,45,47,46,37,48,45,45,25,32,39,19,40,60,57,21,38,24
63,45,26,45,73,57,22,35,37,17,22,42,57,41,51,48,36,54,39,49,24,27,39,10,48,65,47,19,36,18
57,45,31,44,62,45,23,37,45,14,25,42,51,44,44,50,26,52,47,52,19,36,34,15,51,62,59,18,45,17
57,47,31,47,65,54,25,31,43,22,24,29,46,32,47,51,43,54,45,42,23,26,34,20,43,63,59,22,45,22
55,50,36,39,65,59,20,35,43,18,31,39,52,33,49,45,41,51,43,33,17,31,33,21,47,69,50,20,45,22
59,45,29,41,63,51,23,43,41,16,33,43,56,35,48,43,31,58,46,42,15,34,46,17,47,54,52,23,34,24
56,47,28,34,69,51,24,31,44,22,18,47,48,38,49,46,38,56,40,49,24,34,41,13,50,58,55,16,47,19
60,38,36,53,63,55,24,34,47,25,28,34,50,27,46,41,41,54,44,45,11,29,40,18,46,60,60,23,43,17
62,43,33,50,69,56,26,44,37,26,25,33,49,37,43,41,30,56,36,54,23,34,39,13,37,61,54,15,41,25
62,54,23,45,64,56,24,49,39,19,21,34,48,29,44,43,29,51,46,49,17,29,43,16,59,58,62,15,45,19
57,41,30,55,63,55,22,37,40,14,27,46,51,46,62,41,33,45,46,48,19,23,38,23,46,57,56,12,36,23
60,54,27,41,71,55,23,41,45,12,25,39,51,35,48,37,40,48,42,50,20,26,38,18,46,62,46,30,37,25
62,43,26,45,68,57,19,35,40,17,24,35,52,36,45,39,34,61,48,34,27,26,46,25,43,60,63,21,39,22
55,42,30,43,65,52,18,36,42,24,22,45,52,37,42,49,34,57,52,41,22,34,40,15,47,60,55,18,48,15
55,44,33,45,65,49,20,36,38,21,29,28,57,33,50,43,38,51,35,49,18,34,36,20,55,54,63,18,50,25
62,48,39,45,64,64,18,46,42,20,21,31,53,31,38,41,31,50,42,46,14,37,43,15,51,55,62,20,46,17
62,52,29,44,60,52,13,34,36,22,29,34,51,32,43,60,27,54,42,50,23,40,42,18,50,59,58,17,44,15
53,43,25,46,69,53,34,33,41,10,27,44,54,40,50,40,40,58,44,47,21,29,37,15,47,54,55,17,49,17
56,47,30,42,69,53,14,46,37,12,29,49,49,38,53,38,38,51,42,45,22,29,46,19,49,55,52,22,42,18
58,46,30,41,60,54,15,35,45,23,22,44,49,37,46,45,29,54,53,45,24,35,43,20,46,64,53,19,42,15
54,50,22,46,67,54,19,43,39,16,30,36,55,35,53,44,32,52,37,52,24,25,32,16,52,54,65,15,50,23
47,48,34,41,58,55,18,40,47,17,22,41,57,35,46,54,38,52,43,49,23,29,40,18,50,61,58,11,45,15
56,44,26,42,61,48,21,33,35,22,33,37,49,37,48,49,36,61,37,58,28,29,39,17,48,61,53,20,47,17
54,45,37,40,67,56,12,30,41,21,23,38,57,36,43,49,35,62,49,52,22,24,44,15,47,62,56,17,37,21
54,42,28,48,65,50,20,35,38,19,23,30,48,35,55,38,38,61,52,51,22,23,45,23,57,59,59,16,41,17
51,52,29,39,62,59,15,35,43,17,23,34,55,43,53,47,30,56,45,44,16,28,47,17,52,55,60,23,45,17
62,48,28,42,63,58,18,35,34,23,25,39,56,33,45,50,34,51,51,52,19,30,46,25,44,54,54,14,44,15
57,53,26,55,65,49,22,43,47,17,33,43,54,32,51,44,39,60,39,50,20,23,34,13,44,58,52,15,37,17
47,50,36,28,65,60,24,33,32,15,32,34,56,37,54,48,37,50,43,51,23,35,42,13,51,55,60,21,42,18
62,54,27,38,72,52,27,32,37,14,22,31,49,35,56,49,32,57,47,53,21,29,33,24,48,54,58,21,44,14
60,49,33,42,63,55,31,35,31,16,22,41,60,35,40,49,42,55,41,45,21,25,39,19,47,65,53,18,45,15
53,46,38,40,62,63,29,34,34,20,23,43,55,39,44,50,32,59,46,49,20,25,33,20,36,57,58,22,37,25
54,50,29,52,62,65,25,29,37,18,19,33,61,31,47,40,36,53,46,43,24,31,40,16,41,65,62,15,51,17
59,52,32,42,63,57,21,37,32,14,28,32,53,39,51,45,31,62,49,47,18,30,39,13,47,62,54,16,46,21
58,44,28,48,68,56,27,37,40,15,14,39,48,37,46,52,41,53,45,59,17,31,41,19,48,50,48,22,43,18
56,50,32,50,64,55,21,37,40,18,31,24,48,36,54,42,39,59,41,52,18,32,46,19,43,64,43,22,43,13
54,50,28,45,62,53,20,33,42,18,24,40,50,37,50,44,39,63,40,45,19,34,42,21,54,53,61,12,43,16
62,51,35,39,62,64,22,29,35,12,22,40,49,37,47,46,36,48,48,51,30,32,43,21,41,56,51,24,37,22
51,38,30,40,65,58,23,41,43,22,24,45,54,33,46,45,28,59,43,51,22,27,37,25,47,59,55,19,43,19
52,51,37,38,59,59,17,35,35,18,25,41,45,37,49,32,38,54,49,42,22,33,49,19,52,64,55,18,48,19
63,43,39,44,64,62,15,36,32,12,26,48,46,45,45,43,39,55,34,45,16,42,42,14,50,59,54,18,42,19
52,42,26,41,69,55,21,39,43,19,32,39,56,36,44,43,36,56,37,47,23,25,39,13,46,63,57,17,53,23
60,48,23,41,65,56,22,36,38,22,32,33,57,32,44,36,31,62,46,52,19,33,39,20,52,61,54,17,40,21
51,44,37,49,65,57,24,44,35,20,15,38,51,35,44,45,31,62,42,48,26,27,41,17,43,63,59,20,40,19
56,50,27,46,68,57,20,40,37,14,24,37,48,45,44,44,42,51,45,56,19,27,38,20,46,51,61,16,42,21
60,45,26,50,69,52,33,30,38,15,32,37,54,44,47,38,28,52,46,53,25,31,38,17,45,61,52,15,44,15
65,54,32,43,65,48,26,40,44,20,24,34,49,37,52,41,40,52,38,40,20,24,38,17,48,58,66,19,37,21
59,49,28,42,62,60,25,34,36,28,27,41,45,35,55,48,29,54,40,51,20,31,44,18,40,58,56,16,43,18
54,47,31,42,65,64,25,39,46,18,26,33,49,36,47,41,28,59,43,51,23,29,40,20,42,57,60,16,45,16
56,43,32,46,74,57,27,35,41,17,18,40,46,31,50,49,27,57,47,49,23,28,36,19,47,63,56,20,37,21
58,35,30,51,63,57,19,31,32,22,19,33,53,45,50,54,34,55,39,51,24,33,37,22,39,59,62,20,45,20
54,42,26,43,67,45,23,37,42,18,27,40,63,45,49,48,32,58,41,43,20,33,41,22,39,61,56,20,42,15
65,43,29,47,57,57,17,34,40,22,28,40,56,41,41,42,40,54,43,51,20,25,46,21,42,56,56,23,35,21
50,43,29,47,69,62,26,39,42,13,17,31,50,28,53,44,33,51,44,49,14,41,53,22,43,51,63,19,43,23
61,46,34,39,68,45,19,37,40,14,27,38,45,37,45,52,38,58,46,48,21,29,40,22,48,58,53,24,40,20
63,46,30,42,65,64,12,42,33,18,20,33,55,47,48,38,34,58,45,46,22,27,42,20,48,51,54,21,45,23
50,47,32,44,67,55,18,32,37,18,21,37,49,45,49,46,40,53,47,53,25,25,39,16,51,53,58,23,44,18
64,44,27,45,68,62,22,39,35,20,26,38,56,32,50,47,30,56,43,44,19,31,40,23,46,58,54,17,37,19
62,40,29,44,65,61,28,34,37,21,27,35,47,43,49,42,33,50,38,44,19,31,45,22,43,60,53,23,44,23
61,47,35,46,63,59,22,38,41,21,22,38,60,33,40,48,32,56,47,41,19,27,40,16,43,59,58,25,45,10
61,54,35,44,72,51,21,33,42,16,27,36,52,41,44,49,32,53,37,53,13,35,33,20,47,57,57,17,40,20
56,43,34,40,64,55,21,29,39,18,24,42,53,37,52,35,29,66,46,45,18,33,44,20,45,59,67,18,41,19
58,52,27,39,67,63,15,36,39,19,21,46,56,43,47,52,29,61,47,48,21,21,37,16,40,64,51,18,35,24
59,50,33,43,64,51,29,33,40,16,27,43,50,39,48,48,28,54,44,50,25,33,32,17,38,62,55,19,44,18
56,45,28,42,68,50,19,34,36,20,25,50,57,36,53,38,39,54,36,46,19,31,46,13,42,62,57,15,53,22
57,44,34,44,71,53,16,36,42,20,24,31,50,37,44,47,34,55,47,52,19,35,33,19,44,63,62,19,45,15
65,43,25,51,65,50,23,31,41,14,32,47,55,40,45,42,31,55,43,42,20,37,40,18,52,55,54,19,39,18
64,42,31,45,68,58,21,38,43,14,22,39,50,40,49,40,33,52,46,46,22,35,32,22,53,64,49,18,38,18
65,48,28,49,63,57,21,35,40,13,29,37,44,36,52,45,38,52,35,43,25,35,29,20,53,59,58,21,44,18
52,50,22,38,61,47,24,37,47,20,17,42,59,43,46,40,25,59,46,52,20,29,46,20,50,58,58,19,44,21
59,48,38,40,67,59,20,39,36,14,27,36,46,37,47,50,29,53,47,51,22,33,36,21,41,57,56,21,40,22
61,54,30,43,61,49,22,32,43,18,28,40,50,37,48,45,29,51,48,45,21,28,40,22,49,65,54,19,39,21
57,52,27,41,69,57,19,36,38,22,26,44,58,37,48,43,38,56,32,50,15,27,35,16,41,67,54,22,44,21
60,45,24,47,68,48,19,36,47,17,28,39,57,35,49,50,27,55,47,43,19,34,34,18,47,59,63,19,37,21
57,43,31,41,67,54,23,41,34,18,26,38,50,31,45,46,43,55,43,52,23,26,36,16,48,62,58,18,47,20
57,45,27,44,59,50,20,41,54,18,23,47,55,39,37,41,28,56,41,49,22,31,43,20,50,59,66,16,35,19
60,50,19,51,66,57,30,37,31,19,20,45,47,32,50,41,36,59,49,55,24,33,36,20,41,57,52,18,40,17
58,49,27,50,59,61,22,37,36,24,32,38,49,40,49,48,41,64,40,47,16,25,35,18,43,56,55,18,38,17
59,46,30,38,70,58,28,36,40,21,22,34,47,38,42,34,37,61,45,47,18,32,38,18,46,62,53,20,46,26
52,46,38,48,59,62,30,40,45,17,23,39,59,30,43,46,33,47,45,50,18,27,36,13,51,57,55,20,47,16
66,47,24,40,69,54,19,31,41,19,34,38,53,41,45,40,29,49,43,51,24,35,42,19,52,58,51,17,38,23
59,45,33,41,72,54,20,37,41,18,26,42,59,41,50,42,30,53,40,51,17,22,41,22,46,55,55,16,46,18
52,55,32,46,66,51,24,32,44,14,31,40,52,44,45,51,45,53,34,51,19,29,31,16,38,61,51,17,46,22
68,48,25,43,60,57,24,35,35,21,23,33,53,41,45,44,27,53,47,49,21,31,45,18,44,64,63,16,42,17
54,48,31,45,64,55,20,34,34,17,25,35,58,37,45,50,32,55,55,50,18,28,34,21,51,56,60,19,39,22
62,54,35,43,66,53,20,41,39,20,18,38,56,34,48,42,30,52,48,51,20,29,30,20,46,59,58,19,44,17
59,48,29,46,60,48,20,33,43,17,31,38,57,41,42,53,34,56,41,45,19,26,39,15,49,58,54,19,50,22
53,45,36,44,66,56,18,33,39,22,24,40,57,35,44,41,34,58,43,37,18,28,40,14,44,64,67,22,44,26
62,43,28,51,65,52,19,51,33,17,27,42,57,38,47,45,34,56,46,51,21,21,36,18,48,51,51,19,46,17
55,51,32,40,65,57,20,33,29,20,31,40,58,40,54,45,29,57,41,49,24,30,37,16,45,57,53,19,46,19
57,49,32,44,62,54,28,40,35,15,27,39,52,35,40,45,30,58,42,54,26,34,33,18,48,51,57,20,40,27
53,48,33,49,62,57,20,27,38,16,26,32,56,45,59,40,34,61,38,55,22,33,44,15,39,48,58,22,43,19
58,47,35,46,67,58,22,31,31,23,28,42,53,36,47,45,40,55,46,47,12,31,41,14,41,59,62,17,32,26
60,50,22,51,59,57,22,34,37,16,24,38,51,40,50,47,35,61,50,47,25,31,31,18,51,54,46,23,38,24
60,47,23,46,69,56,24,47,34,17,26,35,60,33,49,43,35,52,50,43,24,21,43,22,41,58,51,20,46,17
61,49,27,49,64,57,21,32,42,17,24,38,56,37,45,48,29,62,48,43,29,29,38,19,43,63,48,18,42,14
53,55,27,47,57,53,16,36,46,16,17,37,56,37,50,45,36,58,43,53,25,32,38,16,50,58,56,19,44,16
60,55,31,50,66,52,25,35,34,14,23,40,57,37,54,45,36,53,46,43,22,27,34,22,45,57,51,21,41,16
68,48,28,47,69,55,29,37,43,17,23,39,50,43,39,46,32,54,40,45,17,32,42,17,46,55,64,19,31,17
53,50,25,44,68,58,28,32,27,21,31,47,53,42,45,42,26,57,55,56,17,35,47,15,39,53,51,16,45,14
53,47,27,53,74,54,24,47,34,22,27,26,44,44,46,47,29,55,42,48,17,33,42,17,49,55,62,12,45,17
63,44,29,40,68,61,24,47,37,19,25,34,43,40,51,47,35,54,44,45,15,29,39,23,45,57,52,18,40,24
65,55,34,36,65,56,18,39,34,20,27,44,41,29,42,39,39,53,39,55,24,36,42,22,47,54,55,25,39,18
60,42,35,45,65,60,25,41,31,15,21,35,55,39,41,45,34,60,46,46,15,36,39,17,48,56,50,22,41,27
55,50,31,43,66,55,21,32,40,16,27,43,55,35,43,39,40,63,37,47,17,31,33,24,51,59,58,23,34,24
56,47,33,48,65,55,17,37,33,20,22,35,52,42,42,43,36,61,46,49,14,30,38,15,51,69,53,20,40,23
64,47,35,42,67,62,19,33,36,17,29,36,44,43,52,46,32,59,44,46,17,26,38,18,45,60,50,15,47,23
59,48,37,40,67,67,20,37,46,15,31,47,53,39,51,50,27,52,42,41,18,29,37,16,41,54,49,16,44,19
58,48,25,40,68,59,21,28,45,13,25,38,53,39,44,44,36,58,43,49,23,27,35,17,44,54,57,24,49,28
65,50,32,40,62,54,26,41,47,12,26,42,50,32,55,46,26,55,44,49,14,29,42,20,42,59,53,17,45,17
57,46,24,46,58,52,25,33,33,16,20,37,53,39,47,49,46,63,55,44,24,29,46,22,30,56,58,19,48,17
49,48,29,46,66,55,23,26,36,16,29,44,54,35,53,50,38,57,47,50,14,28,38,21,50,60,51,21,39,19
57,52,23,42,63,61,12,38,44,21,26,41,57,34,44,42,36,54,42,49,22,32,44,16,47,58,53,16,42,24
60,52,26,42,65,51,24,32,36,18,27,50,49,36,47,43,34,61,46,44,15,31,49,16,49,56,53,19,36,25
59,48,28,42,61,56,17,49,44,18,25,30,61,30,51,40,31,59,42,52,18,37,31,15,55,55,59,22,39,18
61,53,31,45,63,55,20,28,28,17,27,34,51,30,46,47,37,59,47,50,19,31,47,22,42,61,58,16,43,24
59,40,34,40,72,58,25,40,45,18,26,30,55,34,49,43,27,58,48,44,20,29,41,20,52,59,46,15,45,20
58,43,35,45,64,58,24,31,38,18,25,44,54,27,45,46,34,47,44,47,27,30,37,21,61,55,52,20,45,17
54,51,33,51,65,49,21,31,44,15,19,42,53,37,48,47,36,59,40,49,22,30,44,15,39,52,57,22,43,24
55,56,27,42,63,57,16,42,35,13,22,42,46,44,46,51,38,53,51,51,19,32,39,16,45,57,51,23,41,19
54,41,38,42,65,66,26,28,38,19,29,40,49,37,52,40,36,62,48,51,17,25,39,15,45,60,56,16,41,17
59,49,34,42,64,51,21,35,39,13,24,35,50,38,47,52,36,59,43,48,20,39,46,20,43,54,57,17,39,18
59,49,32,41,62,47,15,25,45,15,28,43,52,34,47,48,31,60,40,47,24,35,45,18,45,56,62,25,40,22
60,51,25,45,62,56,22,37,34,15,25,37,57,33,46,50,36,61,42,40,24,26,41,18,39,63,60,21,50,16
53,48,24,43,61,58,16,36,39,21,27,39,56,40,52,52,40,46,38,45,22,38,40,19,49,56,61,23,36,14
56,45,27,43,65,64,19,30,42,12,20,38,45,40,49,50,29,54,49,50,22,30,42,20,46,57,58,24,45,21
58,55,31,43,69,60,20,30,34,17,21,42,57,38,51,38,31,58,40,48,18,26,40,18,48,57,52,15,53,24
56,51,31,52,64,53,18,40,38,15,23,39,51,43,44,46,31,57,41,46,20,28,46,21,45,62,53,20,33,25
53,50,35,41,65,55,25,34,36,15,20,39,46,37,49,51,36,62,49,52,20,36,35,16,42,53,55,20,45,20
56,51,26,41,62,56,19,40,37,18,35,33,50,40,50,47,38,60,50,42,18,34,36,26,42,52,49,23,43,18
61,45,31,40,60,60,21,41,44,21,28,38,58,37,47,32,42,50,48,45,19,27,44,17,43,61,58,20,37,17
52,52,27,41,59,58,16,39,37,17,24,38,55,32,47,41,37,53,49,52,14,33,35,21,53,60,61,21,53,15
51,48,29,44,58,57,17,38,43,17,30,39,48,35,56,44,40,61,46,44,17,31,40,19,41,59,63,14,43,20
58,53,29,38,64,56,21,44,45,17,27,37,53,36,42,45,27,50,47,45,19,37,45,17,50,51,57,19,42,21
58,43,29,48,65,58,16,28,39,14,25,41,51,35,42,51,36,53,47,59,29,28,39,13,47,55,56,20,42,25
56,53,27,39,60,55,24,35,42,13,18,43,52,35,49,51,30,59,55,50,21,32,36,20,36,57,55,19,50,20
53,47,29,43,67,46,32,40,40,14,27,39,55,38,60,52,34,60,36,45,22,27,43,16,43,54,56,14,40,20
56,53,28,44,66,53,22,46,32,15,22,35,52,39,41,47,40,54,42,50,18,32,45,12,50,49,58,22,45,24
64,43,32,54,64,53,19,38,42,11,19,33,55,38,50,49,32,56,47,50,18,35,44,16,48,58,55,15,40,14
55,56,39,46,65,53,25,43,37,12,24,39,53,32,47,47,28,56,48,55,15,26,38,17,48,53,59,21,36,19
55,41,34,44,65,54,14,36,34,13,24,41,52,37,51,51,39,62,33,47,18,36,41,18,50,59,60,18,42,23
56,43,27,42,65,48,24,33,42,11,27,35,50,35,48,41,37,54,49,55,20,33,39,21,48,60,59,24,43,23
62,49,29,34,66,49,28,33,48,13,22,40,55,37,44,44,36,54,47,42,23,31,41,20,52,61,52,19,42,19
57,47,26,43,66,57,20,40,43,21,30,37,45,38,47,49,41,54,41,48,20,27,41,19,43,52,59,21,40,20
60,46,27,42,66,58,20,39,40,18,20,45,52,36,50,43,38,58,50,47,15,29,40,18,44,54,62,19,40,16
65,50,28,39,60,52,15,32,35,18,25,44,48,37,48,50,44,55,47,51,17,35,30,16,52,63,58,15,44,19
54,48,27,46,71,47,23,31,40,18,22,30,55,38,55,48,30,54,44,49,23,25,41,20,52,59,56,24,44,18
61,59,34,40,69,66,28,29,28,17,26,42,45,29,49,41,37,54,45,48,18,33,43,15,48,59,52,19,39,19
53,51,32,43,68,53,28,33,39,18,20,50,56,38,44,47,29,62,51,43,25,30,39,15,47,51,56,22,32,17
62,44,27,44,59,54,25,38,38,18,22,36,54,41,48,44,28,56,44,47,20,37,39,21,46,60,59,26,38,17
58,45,24,43,66,57,20,37,37,19,21,38,59,40,46,43,39,54,45,51,14,31,39,21,51,60,54,17,41,22
57,36,33,48,59,53,19,34,45,21,24,39,50,36,42,42,37,58,49,52,20,30,43,15,41,64,57,19,46,23
57,52,30,39,62,63,34,44,34,14,19,44,51,38,47,45,35,57,43,41,16,32,31,19,51,57,52,22,39,24
60,54,35,42,60,56,16,40,40,18,27,41,49,33,51,48,29,52,49,52,19,30,40,17,51,61,54,17,37,14
55,51,30,50,65,62,24,36,33,20,28,50,57,32,45,39,27,59,39,51,25,27,41,22,44,61,53,18,38,10
57,55,27,44,66,55,20,31,31,15,27,33,51,34,51,49,39,56,41,55,23,34,43,18,47,57,53,18,42,20
63,47,29,40,63,54,26,30,38,9,26,43,47,30,55,46,34,54,49,55,19,38,40,15,45,58,59,20,37,23
59,50,35,45,68,49,22,43,41,15,20,37,46,47,43,39,39,49,49,50,22,32,36,17,54,60,55,19,42,9
56,50,34,44,62,54,27,38,38,18,21,43,54,35,39,43,32,59,46,49,18,26,34,27,45,60,58,14,50,18
64,43,29,49,63,52,24,33,36,17,17,40,52,40,47,49,32,60,50,50,16,31,37,17,46,65,57,21,39,16
58,42,29,46,63,57,28,37,42,11,25,33,56,37,49,46,37,55,41,51,15,29,38,15,56,57,58,20,43,18
66,53,30,33,68,58,15,33,39,15,20,36,45,40,47,44,37,62,50,48,25,29,36,17,47,49,65,26,42,17
60,50,25,47,60,51,23,34,32,22,24,41,58,47,53,49,33,55,44,45,11,32,33,23,46,64,60,18,38,14
56,53,29,43,69,53,29,43,37,17,24,50,52,37,43,40,33,56,54,41,21,26,38,19,42,59,59,20,37,12
51,45,28,42,71,59,18,33,34,22,22,36,50,39,52,46,29,55,49,51,22,31,48,17,50,58,57,20,39,18
54,55,25,41,64,60,18,36,37,21,26,40,51,38,58,43,35,57,38,49,18,34,42,16,45,57,68,14,37,15
64,44,37,44,62,59,24,37,39,15,26,34,45,37,47,44,34,59,40,50,22,40,43,13,43,61,61,16,38,14
59,49,30,45,63,55,23,34,35,19,30,40,52,38,50,42,32,54,47,47,19,32,36,16,46,58,56,21,41,23
59,50,34,46,61,52,21,38,35,14,27,37,52,40,49,36,32,56,30,47,20,34,42,18,51,64,60,18,47,22
56,49,31,45,64,54,24,30,39,16,26,44,49,32,46,37,36,55,47,55,19,18,49,17,53,64,58,17,45,17
52,50,38,40,56,57,26,30,36,22,26,32,55,32,48,40,32,56,46,46,26,32,48,16,53,63,53,18,37,26
54,47,26,41,61,53,18,35,39,17,26,46,49,40,46,40,37,52,47,45,22,30,45,17,51,54,61,19,46,28
57,47,26,44,64,53,20,41,42,16,22,43,51,45,52,41,33,59,38,54,18,36,35,29,37,59,58,18,36,18
62,52,34,41,65,57,19,39,46,14,21,37,51,34,53,44,30,57,45,48,19,29,35,22,45,59,62,18,38,16
62,53,30,44,69,53,23,41,38,13,25,33,53,46,51,47,30,59,42,39,21,32,42,15,44,59,56,19,38,15
58,46,33,45,71,55,34,33,38,20,19,36,53,35,40,50,35,59,39,44,17,30,28,21,56,62,56,15,38,26
57,49,34,50,63,58,17,38,34,13,21,34,55,36,51,43,37,58,49,47,17,28,39,17,48,59,57,19,45,19
59,49,23,41,67,55,28,34,37,18,29,31,49,38,47,49,40,50,46,50,18,36,47,19,44,56,58,12,46,16
54,50,32,46,67,60,23,31,41,15,29,47,53,32,50,51,35,57,41,39,18,34,43,14,50,54,58,13,38,17
55,52,29,43,66,58,28,34,37,15,24,48,55,39,53,46,39,54,41,45,16,33,40,15,45,56,55,19,39,13
67,47,23,42,66,55,23,36,40,18,27,33,52,36,55,43,27,54,41,55,22,29,37,17,42,59,65,18,49,14
56,50,24,42,65,57,21,34,40,19,24,40,43,32,50,37,41,53,49,47,21,31,45,19,36,60,58,22,56,20
59,49,37,46,63,63,19,37,32,16,29,36,49,34,46,40,25,61,44,48,25,24,44,19,44,62,58,22,43,18
57,43,25,38,67,56,23,39,44,15,24,38,51,36,44,48,30,62,43,49,14,39,43,11,43,65,59,20,40,26
58,50,29,40,62,52,20,37,39,16,30,40,54,38,50,44,24,54,41,53,23,31,42,18,50,58,64,20,41,14
59,50,32,39,61,53,20,35,36,16,28,43,55,36,52,37,40,57,43,53,28,35,35,16,46,51,61,14,42,19
56,46,27,42,60,47,22,40,48,16,32,39,51,42,48,52,36,55,59,46,16,19,38,17,38,56,58,29,39,18
63,59,34,35,66,61,22,37,49,13,20,34,50,32,40,40,30,59,42,50,21,29,37,16,50,60,54,22,44,23
61,45,29,42,59,57,21,36,43,22,31,38,56,41,47,44,24,58,45,51,20,32,35,14,46,50,61,18,46,20
68,40,28,52,65,61,20,37,40,18,29,32,54,39,49,43,32,56,46,53,12,25,33,13,49,56,49,25,43,25
54,53,36,51,63,56,20,42,29,20,18,38,51,40,41,39,31,53,51,43,24,31,38,21,55,57,62,13,44,18
57,53,27,45,64,50,27,33,39,25,17,43,42,37,45,51,31,52,49,55,15,26,47,19,55,63,53,19,34,19
55,48,23,40,68,56,21,36,33,20,21,43,53,36,40,51,41,57,49,49,22,24,45,23,35,58,64,16,43,22
64,50,32,43,67,52,21,39,36,23,20,36,53,40,51,38,34,51,45,47,19,36,38,17,51,61,53,26,35,14
52,52,31,45,66,64,19,37,35,14,28,36,51,40,41,46,37,52,46,49,27,20,39,12,51,60,61,20,36,25
67,45,22,40,66,63,20,30,36,16,29,39,50,42,48,38,31,55,47,50,25,34,42,19,47,59,57,23,31,21
55,49,22,41,66,50,21,38,30,20,24,43,53,40,46,51,35,55,52,40,19,37,42,18,46,56,66,21,40,16
59,47,24,43,67,51,22,37,36,21,30,42,45,36,50,40,35,65,47,51,23,26,32,20,45,57,57,23,43,18
63,44,35,41,66,54,19,41,46,14,20,45,54,35,50,44,25,52,41,51,17,32,39,18,48,60,53,18,46,21
54,54,31,41,67,51,25,29,35,23,25,42,58,39,46,42,33,60,42,48,20,26,40,21,47,58,59,18,41,17
55,52,34,39,58,48,25,37,40,18,30,39,44,33,47,52,32,54,47,46,20,31,36,22,51,57,61,16,48,20
59,45,31,36,69,48,25,38,39,16,16,37,45,39,53,48,39,55,38,50,21,38,41,16,50,61,56,20,47,16
58,49,36,41,68,55,16,40,38,24,24,33,50,33,43,46,40,58,47,48,12,28,42,20,55,54,53,21,44,16
51,49,28,49,69,50,20,35,38,16,20,39,60,38,53,44,37,50,46,50,22,30,32,21,53,57,56,18,42,19
58,44,27,51,62,55,21,41,31,14,25,40,51,45,52,49,38,53,49,53,20,36,34,18,46,62,52,7,38,20
54,50,23,41,63,56,29,31,41,20,25,40,53,34,55,48,34,59,35,42,18,34,34,21,46,60,58,19,43,26
49,41,30,45,75,58,26,36,42,17,24,37,49,39,42,41,46,62,39,45,15,25,45,21,50,52,53,22,42,24
58,49,28,37,70,57,22,42,37,18,28,42,47,32,50,42,41,53,46,42,16,34,41,16,49,55,61,12,47,20
54,47,31,44,68,58,31,31,41,23,19,36,52,30,50,38,37,64,44,45,19,33,40,25,38,59,56,23,36,20
54,56,27,48,70,63,20,37,36,15,23,43,56,33,47,44,37,64,49,51,21,24,42,18,45,56,49,19,35,10
62,47,28,40,66,48,19,34,34,22,22,36,50,41,51,47,39,63,45,55,26,30,45,18,46,52,54,19,34,19
54,47,24,47,66,49,19,45,41,18,18,41,51,24,53,53,37,63,46,54,22,27,37,19,46,62,53,14,44,18
58,40,31,52,60,51,31,41,42,14,26,36,51,34,45,43,36,60,51,46,21,30,33,21,49,55,58,15,39,23
66,50,29,43,64,59,20,38,48,12,23,34,52,40,53,42,39,61,48,41,18,32,34,19,40,56,55,21,40,15
55,48,30,40,70,61,17,38,36,20,26,35,54,35,46,44,37,59,49,53,19,22,45,16,42,58,63,17,36,21
58,38,31,45,67,53,25,39,34,20,22,37,48,45,43,48,34,61,47,36,17,39,45,15,49,67,54,16,43,16
65,40,30,42,67,53,26,29,42,13,22,39,55,41,44,50,36,55,32,47,24,32,41,21,42,59,56,21,42,26
54,43,27,46,62,53,24,35,42,26,22,39,52,41,53,39,33,54,44,51,21,32,38,19,51,60,56,17,38,20
65,43,26,55,67,59,14,41,35,19,26,41,50,29,46,40,31,59,45,52,18,34,47,21,41,57,55,16,40,20
62,46,18,41,67,50,19,34,32,16,33,46,49,34,44,43,40,54,50,43,21,35,46,23,53,54,54,22,42,21
58,50,33,41,67,52,19,37,35,18,29,36,52,35,44,40,40,63,45,51,22,31,32,21,44,57,63,17,39,21
57,50,35,40,63,48,16,37,41,14,34,40,55,36,51,49,25,61,47,51,22,24,41,15,50,59,54,18,38,21
52,41,34,49,68,52,23,37,41,15,27,36,54,35,41,50,33,54,45,49,18,36,44,21,46,62,57,17,34,21
59,36,27,44,66,46,12,39,46,14,27,39,54,35,45,42,38,54,42,52,17,41,51,16,46,58,63,22,40,21
61,49,38,42,71,54,21,33,32,18,24,36,56,31,40,38,33,52,39,47,21,36,43,17,53,61,58,23,42,23
63,50,31,46,63,51,14,38,38,9,29,36,48,37,45,49,36,56,44,53,19,31,38,18,40,60,58,24,43,25
60,54,31,44,61,57,18,33,43,17,20,41,57,37,55,40,37,58,46,44,18,30,45,21,38,57,55,16,40,19
63,47,36,34,61,65,26,40,35,14,24,38,52,37,43,50,35,51,50,48,14,31,42,14,41,62,58,19,44,18
59,42,24,50,65,50,22,37,40,18,26,46,61,40,47,45,31,53,40,52,24,29,32,21,42,60,55,18,41,22
59,36,30,39,64,64,20,37,39,16,26,49,56,38,45,44,30,50,38,62,20,35,36,24,48,56,60,16,38,17
63,43,28,44,61,54,27,46,35,15,23,40,56,33,46,44,47,52,43,44,18,39,44,17,42,62,52,17,39,18
59,50,31,46,66,59,15,39,41,14,26,40,50,36,47,58,28,60,41,44,17,35,36,15,55,54,52,15,46,17
59,42,27,47,64,61,18,31,41,21,28,45,51,34,56,37,36,60,48,43,16,32,35,15,50,54,58,22,37,24
55,43,30,46,71,59,26,35,37,12,23,42,52,30,51,43,32,53,46,49,25,28,42,19,39,58,59,22,43,22
63,51,25,43,61,58,22,37,32,15,21,40,48,35,52,47,36,53,38,45,22,33,43,17,48,67,63,16,42,19
60,38,21,44,69,59,23,28,44,15,25,39,55,49,47,49,39,52,46,43,20,39,32,14,48,61,55,18,42,18
56,50,19,39,66,47,23,36,35,20,25,43,62,36,39,52,40,57,42,52,25,31,45,19,46,56,51,25,36,19
57,42,33,43,65,47,21,31,38,15,26,42,57,42,40,48,30,58,44,56,20,27,40,29,42,54,54,16,48,27
60,52,33,44,64,58,28,37,36,19,21,33,58,49,44,48,27,51,49,44,16,29,45,25,43,60,54,14,36,15
47,52,32,45,71,58,22,32,39,19,21,38,49,34,57,42,33,62,39,48,21,29,39,18,47,53,62,20,47,16
65,45,28,47,67,58,20,34,43,13,26,40,51,42,48,46,34,54,39,45,16,36,49,17,40,52,53,20,39,25
66,46,32,41,58,51,21,42,35,17,25,33,53,38,55,46,26,58,35,54,21,30,39,19,44,56,62,23,43,23
60,54,35,48,66,57,22,34,49,20,20,35,49,39,51,42,33,52,41,44,15,32,41,23,44,52,54,16,40,24
61,48,34,40,68,61,22,37,39,22,23,31,48,37,47,47,30,65,33,42,21,38,33,20,48,59,53,19,41,25
56,48,26,53,64,60,27,25,39,26,23,41,47,37,39,47,39,60,40,41,27,28,43,19,47,60,59,15,35,21
54,50,27,47,67,54,21,32,38,17,26,37,45,40,45,43,34,58,44,48,21,30,43,20,43,61,59,25,44,19
62,56,23,44,67,55,19,47,32,20,29,33,50,36,45,42,36,58,38,50,23,34,42,16,53,57,55,13,35,22
61,51,31,43,62,61,24,33,32,15,25,36,54,37,53,49,33,52,50,49,20,30,38,17,50,59,54,15,42,16
61,52,27,46,62,64,27,31,39,24,25,31,54,33,43,42,30,56,47,47,25,32,44,22,39,63,56,15,33,22
60,50,34,45,64,53,19,35,40,21,20,41,51,37,47,46,37,51,41,50,21,34,40,21,43,59,54,21,42,15
63,51,34,40,61,57,28,35,37,21,29,38,56,31,48,48,32,52,49,52,15,25,42,15,48,59,54,15,37,20
54,51,26,51,66,62,26,32,32,16,24,43,53,33,46,47,31,57,42,50,19,37,32,19,53,56,59,10,49,16
60,47,26,43,63,56,18,34,41,22,31,45,47,39,48,43,35,58,48,47,24,28,39,14,51,54,57,12,42,20
59,42,37,51,60,53,25,43,38,18,18,44,52,36,42,45,35,61,44,35,16,36,34,20,46,67,59,20,38,18
51,49,25,41,66,56,18,31,42,18,29,42,51,30,52,46,30,62,47,46,20,34,44,22,50,54,50,16,51,19
57,43,26,44,69,56,23,36,41,17,30,40,57,42,46,48,37,55,49,44,15,25,36,22,43,53,61,19,38,20
60,49,33,36,71,58,19,23,44,17,27,42,58,38,47,56,29,56,49,51,20,26,38,13,41,62,55,21,35,18
63,45,27,43,64,52,18,38,48,15,30,40,57,35,52,44,36,50,45,49,16,31,36,15,47,60,53,20,39,24
58,46,31,46,69,57,21,43,39,18,33,34,50,38,44,42,30,62,41,50,25,32,43,11,40,60,52,12,48,17
55,44,25,53,59,42,29,37,44,23,28,32,53,41,47,51,40,59,42,46,21,29,38,10,44,58,59,23,41,19
58,48,28,40,64,59,27,32,39,19,24,34,61,39,46,43,30,57,43,51,18,30,38,19,37,67,61,21,42,17
59,52,29,52,63,55,30,29,39,13,20,36,56,37,48,46,42,61,37,48,22,22,46,19,44,55,57,12,43,20
64,54,25,36,64,56,26,42,36,17,23,33,54,34,42,47,28,59,47,45,20,25,44,29,49,60,60,19,34,20
58,46,27,52,69,53,21,33,48,19,28,35,46,39,43,50,35,61,41,45,21,27,32,20,42,60,63,18,37,23
54,51,30,44,61,58,15,41,42,18,21,41,54,35,48,39,31,59,49,54,21,30,40,18,41,56,62,15,46,18
55,47,33,47,69,62,25,31,37,14,33,37,49,35,46,42,39,63,40,52,17,25,41,18,36,53,57,24,44,21
59,49,25,50,69,58,17,35,37,21,20,37,54,34,44,50,31,55,46,49,20,30,34,19,49,59,52,17,48,24
57,45,31,45,64,63,19,32,39,20,24,42,49,36,47,42,29,55,44,51,21,30,39,20,50,57,58,21,45,17
58,47,27,37,65,49,16,38,43,13,23,42,47,37,53,54,42,54,43,38,24,30,45,17,51,58,58,24,42,17
60,45,21,51,66,58,19,39,39,22,25,38,52,42,46,48,37,61,44,37,26,30,36,15,42,48,58,18,45,24
57,42,36,48,64,48,20,35,48,14,25,40,50,37,50,48,35,45,38,50,25,31,34,21,40,56,53,28,47,27
55,51,34,48,63,53,18,32,44,19,20,46,54,38,47,54,31,64,39,36,25,36,42,14,42,60,56,15,40,16
58,43,34,49,61,52,20,37,40,14,25,45,53,40,40,49,29,55,51,54,22,28,44,17,42,57,59,16,33,25
56,42,27,43,67,54,23,41,38,15,26,49,54,36,51,49,39,59,39,44,24,30,28,16,47,56,62,20,41,16
55,51,30,49,67,53,25,28,40,18,23,40,50,38,48,45,30,60,36,45,21,35,36,19,46,62,52,19,45,26
57,47,36,43,65,56,21,42,26,20,29,27,51,35,57,43,37,56,41,40,20,34,36,19,43,60,61,20,49,21
56,38,33,43,65,59,17,37,37,26,25,42,45,32,49,49,42,51,43,46,20,30,40,17,46,69,49,18,49,19
61,44,29,48,64,57,22,28,34,12,25,42,56,37,42,53,25,56,48,47,14,34,36,22,58,62,56,20,40,20
63,53,28,46,65,58,18,25,36,13,25,39,55,39,49,41,40,58,47,49,15,33,35,20,44,58,60,15,45,20
57,49,28,44,70,52,23,39,36,24,26,36,46,36,46,47,30,58,44,53,23,27,43,18,42,59,56,24,43,13
56,54,18,42,60,56,29,37,32,11,26,33,57,36,45,42,35,57,52,52,18,36,37,18,45,58,63,29,40,18
52,53,27,36,62,60,30,37,34,21,27,33,51,34,56,50,34,51,49,43,17,30,38,21,52,56,52,22,44,20
64,55,30,46,67,49,25,33,45,19,18,45,50,32,53,46,37,48,36,50,18,34,40,18,40,55,54,16,47,22
62,45,27,44,63,59,19,40,42,12,29,44,60,33,50,34,31,58,47,52,13,31,38,19,38,59,52,23,47,21
49,45,35,47,65,50,15,45,46,19,24,45,52,39,45,46,37,63,42,48,18,26,42,17,48,63,47,12,44,18
63,47,33,42,65,53,22,37,33,22,23,43,55,34,41,50,31,56,49,43,27,27,46,17,45,58,55,21,39,15
59,51,34,50,64,56,20,36,42,14,25,46,49,41,50,36,32,49,41,48,19,32,33,20,48,56,59,18,46,18
65,35,24,48,63,52,22,39,31,21,24,38,57,36,50,42,30,60,44,49,24,37,38,18,39,64,59,19,42,22
61,52,22,46,67,56,22,33,41,18,18,50,49,35,45,49,31,62,46,50,17,31,37,16,50,54,56,24,38,16
60,49,35,34,66,53,20,31,41,11,23,42,44,38,49,47,38,60,45,50,20,32,49,21,41,58,53,16,43,23
57,38,34,41,65,51,23,35,33,20,28,44,50,39,45,43,40,59,53,42,22,30,31,21,47,62,60,17,43,19
55,46,32,46,69,57,28,32,39,20,23,42,54,39,42,49,37,56,38,45,20,25,41,17,41,63,57,14,41,24
59,45,31,34,62,60,23,42,32,13,27,42,57,36,46,42,30,54,43,49,22,30,42,20,54,57,51,26,40,23
57,56,29,44,70,53,27,39,36,24,22,37,54,41,40,40,34,61,35,48,22,35,32,17,44,52,60,17,44,22
56,52,31,41,70,58,22,39,45,14,30,32,47,27,47,46,29,57,39,56,9,35,43,19,41,55,58,26,48,20
61,44,32,48,64,49,20,30,40,14,24,38,54,43,43,55,37,60,49,39,28,22,41,21,51,58,52,19,39,17
56,46,22,45,69,47,21,37,49,16,25,36,50,40,46,42,35,60,48,50,21,29,36,21,47,58,58,21,46,15
58,47,24,33,63,62,19,42,40,22,27,38,46,36,44,46,41,59,43,55,19,33,36,23,51,56,53,18,37,21
57,42,29,45,65,55,23,31,37,22,31,35,58,39,47,50,32,55,39,47,24,28,45,18,44,56,53,23,38,24
66,43,31,46,68,56,17,35,33,16,25,40,54,31,51,46,36,50,49,48,16,28,40,15,45,62,60,23,43,19
51,42,33,47,72,52,18,32,36,19,31,42,54,38,49,39,36,54,36,51,17,38,40,22,49,56,56,21,41,20
51,44,31,44,69,56,24,38,41,13,24,42,52,32,49,42,32,57,47,51,21,33,39,14,50,53,59,22,39,23
60,49,29,33,70,54,15,39,37,21,26,43,54,29,41,51,29,59,46,49,23,38,44,17,43,55,58,21,42,17
59,43,22,40,63,59,19,40,40,20,23,38,51,36,52,36,34,51,48,48,24,33,40,19,48,62,60,20,46,18
51,44,33,42,69,59,28,38,29,17,22,27,54,41,46,41,33,58,49,56,16,27,34,23,46,56,66,19,46,22
62,50,32,38,63,55,22,35,41,19,20,45,47,42,49,52,27,57,50,46,21,32,36,16,45,59,54,21,33,23
57,46,26,49,61,57,29,33,41,15,20,38,52,30,41,46,42,60,48,41,23,26,42,24,42,59,56,16,43,29
56,53,25,43,64,60,26,42,39,15,27,39,53,33,55,50,31,56,49,49,19,27,34,16,48,52,52,16,42,21
53,52,27,44,68,58,21,31,35,18,31,42,56,42,46,37,40,52,43,45,25,38,38,23,47,56,54,16,39,15
64,47,27,42,64,58,18,43,39,11,24,32,57,32,43,50,35,50,49,48,23,36,41,17,42,56,57,20,44,23
59,46,26,43,64,55,22,33,34,17,25,40,49,36,54,40,43,63,39,45,26,25,40,21,43,57,63,17,44,23
55,51,34,47,67,45,22,39,29,15,20,42,52,37,53,50,35,57,46,45,16,27,42,19,40,59,62,18,40,28
57,50,20,44,61,61,24,38,43,19,27,36,54,41,41,34,27,60,43,54,19,30,38,25,52,55,58,12,45,24
56,39,29,44,66,63,21,29,41,19,27,40,52,36,50,43,32,57,44,55,16,35,43,21,44,54,61,17,38,20
58,55,28,37,65,49,25,44,43,14,25,38,46,38,50,52,33,60,36,48,21,33,45,13,45,55,57,19,35,25
64,46,21,39,66,55,24,35,36,20,19,38,55,28,50,42,37,63,42,46,23,34,41,20,51,59,51,18,44,25
56,47,32,45,67,64,25,29,36,22,23,37,52,39,47,47,33,60,45,49,19,32,29,21,47,57,58,22,32,20
59,55,28,43,68,58,21,41,42,16,28,40,49,37,42,45,30,59,39,45,18,25,41,17,50,52,57,16,53,18
61,54,33,43,71,63,18,30,41,17,25,39,47,35,39,37,40,56,46,44,19,32,42,23,48,51,61,20,42,15
58,53,26,43,65,50,21,34,37,16,29,36,53,34,46,47,37,57,45,45,15,40,40,18,48,60,61,18,45,15
59,46,36,40,59,51,18,42,43,25,30,39,49,35,39,42,30,60,48,52,18,37,44,15,41,66,51,22,35,20
59,47,31,43,63,63,23,26,40,17,22,42,47,38,50,44,31,55,41,48,21,32,40,16,49,58,58,24,45,19
57,51,23,40,68,55,28,36,44,16,27,43,54,38,49,42,33,64,36,41,18,35,40,19,39,64,54,17,43,18
63,46,31,38,67,57,20,41,42,21,31,43,50,35,41,47,33,59,45,45,23,31,39,19,51,57,57,14,34,12
60,48,31,46,70,56,27,29,37,17,22,40,47,23,54,41,39,54,46,56,22,33,36,20,52,56,49,18,45,18
58,56,24,43,70,55,23,38,36,17,23,44,57,38,35,45,46,55,44,47,15,30,29,17,43,62,54,24,44,20
54,47,25,46,66,58,16,40,40,18,26,44,54,40,39,48,39,55,41,43,26,30,39,12,46,63,58,16,43,20
54,48,33,52,66,49,20,38,39,18,29,31,57,47,52,54,33,51,47,53,23,25,33,18,44,50,54,19,38,17
60,53,34,41,59,48,20,35,35,16,22,38,47,29,43,45,42,64,51,46,22,30,40,24,45,61,58,24,38,22
61,45,26,47,59,54,24,37,40,16,23,38,48,37,50,48,33,59,46,45,22,31,42,21,43,57,61,21,42,16
60,45,30,45,67,62,18,38,41,21,28,44,57,29,45,39,35,48,45,54,27,33,37,20,44,67,48,14,37,14
57,43,30,49,65,54,20,31,41,21,24,29,52,39,42,51,43,62,44,45,16,27,37,20,46,53,62,18,48,23
62,47,31,49,65,59,21,33,37,15,19,46,50,36,49,40,30,58,47,42,19,24,36,12,52,64,58,21,46,24
60,48,26,48,58,58,19,38,39,19,26,39,52,30,45,46,43,53,51,52,18,30,40,18,44,54,56,19,46,17
64,34,31,51,59,56,19,32,46,19,24,39,55,34,49,43,32,63,51,42,23,35,36,18,44,58,53,21,47,14
57,42,27,40,66,56,15,36,39,19,28,31,59,34,49,49,39,60,45,48,22,34,41,23,41,53,53,18,51,17
57,44,32,45,65,62,19,30,41,19,30,38,52,37,43,48,37,58,42,48,16,31,35,23,51,61,54,12,39,23
56,47,28,42,66,56,26,36,41,17,21,40,43,45,44,38,38,61,51,50,20,31,42,24,49,59,49,19,38,15
60,45,35,40,63,59,13,36,41,14,31,38,49,35,42,47,36,57,52,54,22,30,31,20,45,59,59,19,45,15
63,49,23,47,69,56,24,36,36,13,22,42,53,35,48,50,35,58,39,50,18,30,32,23,48,63,48,16,45,21
61,48,17,46,64,52,19,42,43,13,31,36,44,34,49,54,34,58,45,49,17,31,42,18,40,63,60,14,48,20
60,51,31,46,70,55,27,31,46,20,24,37,59,36,43,46,27,53,48,48,22,27,33,17,52,62,50,16,43,12
65,44,30,46,66,57,30,36,41,16,28,35,52,34,43,44,41,55,44,46,20,27,37,15,45,58,57,18,39,23
59,46,31,45,65,56,25,42,33,17,26,45,51,36,48,49,26,64,43,42,19,37,32,24,35,59,58,19,36,24
64,45,31,46,58,59,17,38,38,18,25,36,51,41,49,45,29,60,44,47,22,30,37,18,49,55,51,17,46,26
58,40,22,50,65,50,20,35,39,17,25,42,48,42,50,50,30,54,41,55,19,34,37,22,51,54,57,19,44,22
54,46,33,37,65,55,20,38,29,19,30,39,58,41,52,44,35,59,49,43,21,27,45,20,43,59,53,16,40,22
58,50,28,52,67,56,19,34,40,15,25,43,45,31,48,45,34,50,56,47,19,34,38,18,46,57,53,18,48,18
57,44,33,41,66,59,31,36,43,21,26,38,53,28,47,36,31,57,39,48,20,33,34,20,46,63,60,21,36,25
61,50,35,43,64,53,23,34,37,22,20,41,56,41,46,49,35,55,43,47,19,36,37,17,44,55,61,13,40,15
53,52,28,50,69,58,23,35,37,11,23,35,53,39,53,42,30,53,41,52,22,35,33,24,51,64,52,22,38,14
55,40,32,39,70,55,23,37,45,18,24,32,56,34,52,47,31,57,43,46,26,23,42,29,42,59,61,13,44,17
56,47,25,43,68,55,26,34,45,13,20,38,50,40,49,43,35,58,40,48,19,26,38,21,45,66,59,15,54,16
56,49,26,37,69,55,25,37,37,17,25,38,57,44,48,40,35,60,42,44,25,33,41,16,45,62,57,19,36,17
55,48,38,41,62,55,22,33,39,15,21,45,53,27,46,45,25,59,43,47,25,41,41,18,39,61,57,28,46,17
56,62,27,42,64,54,23,37,37,18,22,46,54,33,45,38,34,59,43,54,20,34,41,14,42,50,59,23,42,19
61,45,32,51,61,55,17,37,39,18,24,37,55,31,42,44,38,56,48,49,23,32,41,23,38,51,58,20,47,19
64,48,30,45,61,51,19,35,37,17,23,35,60,38,51,44,27,47,46,54,23,34,42,18,41,55,56,26,47,18
61,49,22,48,67,60,23,35,43,21,28,47,50,33,50,41,36,55,50,46,17,24,33,15,47,57,58,16,38,22
47,52,27,38,69,66,23,36,35,19,23,42,57,37,51,50,32,51,45,49,22,28,39,17,44,58,56,18,38,23
56,47,24,40,76,52,23,39,45,15,23,38,57,36,44,46,28,54,41,50,24,32,44,19,53,58,60,18,35,15
61,41,30,47,66,56,19,42,39,17,27,43,48,37,41,48,37,50,48,56,19,28,37,17,39,63,58,16,37,25
60,48,28,42,69,64,18,33,41,17,21,38,50,38,45,45,36,48,45,52,19,28,39,21,49,54,58,26,40,20
60,52,20,44,63,56,19,39,37,17,19,31,47,41,47,43,35,61,47,49,26,33,41,17,36,60,57,22,45,28
65,45,24,46,70,54,22,32,43,24,27,37,52,38,40,44,33,59,47,52,16,34,42,16,45,59,51,16,40,19
60,46,31,49,62,56,20,33,28,15,29,37,49,45,46,47,39,55,44,49,19,31,39,20,54,49,56,15,46,23
57,38,35,45,64,60,20,41,43,14,18,38,54,37,43,51,36,54,40,50,23,30,32,19,53,53,61,17,46,20
56,49,34,50,68,56,25,33,30,11,27,38,53,34,43,42,36,58,38,47,22,31,42,17,45,56,65,24,40,22
62,43,30,40,62,56,20,41,41,23,25,46,42,44,44,44,37,46,39,42,21,30,38,21,41,62,57,27,50,18
64,45,29,50,66,60,26,32,36,16,31,37,55,35,43,45,28,49,45,43,23,24,37,21,46,60,63,23,40,20
65,49,32,51,63,57,18,41,36,17,16,45,61,31,40,41,29,54,41,48,20,24,51,24,48,53,59,20,38,20
62,42,32,49,57,53,21,32,32,15,24,38,54,45,43,54,30,52,50,52,22,37,40,16,45,61,54,18,44,18
57,42,24,37,71,60,23,38,32,21,23,37,55,38,52,55,37,56,44,47,29,25,42,17,44,55,52,13,45,21
55,46,37,47,75,51,28,36,36,12,24,39,59,42,48,44,33,55,38,52,23,26,38,14,49,57,56,13,39,20
58,52,27,46,60,50,23,32,43,15,23,35,58,38,53,51,37,60,47,47,23,30,37,19,42,60,49,17,39,21
60,49,28,42,66,60,22,31,46,16,29,35,44,29,47,45,31,51,43,45,30,32,43,25,44,66,50,22,41,20
54,42,30,42,63,53,18,40,38,14,25,46,56,36,46,47,35,63,48,52,23,27,30,17,45,58,57,19,49,19
58,44,31,44,68,55,21,35,32,16,34,43,54,38,41,44,30,52,47,43,26,32,38,18,51,55,61,17,40,24
65,47,33,48,62,62,22,31,37,18,32,34,42,39,51,41,35,59,41,42,17,29,40,20,46,58,54,19,47,21
60,49,33,42,62,56,22,42,33,10,30,31,55,38,56,37,31,59,45,52,17,37,42,19,46,58,54,22,33,21
64,50,33,48,60,53,19,34,34,10,26,35,47,40,44,42,37,61,44,41,22,34,49,13,55,55,63,24,34,21
55,46,38,45,65,59,28,41,32,11,24,41,53,31,43,52,34,58,47,45,17,40,42,14,44,60,52,19,37,19
56,49,29,43,65,50,17,35,40,16,21,31,48,34,50,43,42,59,36,45,22,40,38,19,53,65,61,23,40,22
60,52,25,46,64,55,26,38,39,11,23,33,44,36,49,50,40,58,33,46,17,31,33,24,45,63,61,25,40,25
55,51,32,40,62,56,19,42,37,18,23,48,56,38,44,47,38,53,43,48,22,36,43,10,49,56,59,20,34,13
59,48,26,37,61,56,24,31,42,23,21,35,52,33,53,52,31,57,43,41,21,29,46,26,52,53,64,19,43,14
57,48,34,50,60,56,18,34,33,13,22,48,56,40,51,37,38,62,48,49,19,33,39,19,45,58,60,13,37,15
57,44,30,47,66,56,13,41,39,20,34,43,52,44,49,39,31,53,51,54,19,29,43,16,38,49,57,17,39,22
60,51,34,39,70,50,21,38,33,20,26,47,43,37,47,32,33,63,45,45,21,29,41,19,49,60,58,22,43,16
60,51,31,51,59,46,19,35,41,18,24,39,47,40,53,46,33,53,49,54,20,29,30,16,42,61,59,22,47,17
60,45,36,41,66,62,26,38,37,19,28,42,54,31,49,43,40,57,41,44,14,31,44,14,37,57,60,21,40,15
55,43,39,40,67,58,29,39,33,17,26,37,55,33,52,42,33,53,53,53,24,29,36,16,43,53,57,17,40,20
51,44,35,46,66,46,21,40,38,18,25,30,53,34,45,48,37,61,42,50,28,33,33,23,51,62,59,16,36,21
58,50,22,46,66,58,26,30,41,26,13,41,55,44,49,39,36,55,48,48,15,30,40,15,42,58,56,21,44,20
57,47,35,42,63,55,24,38,53,14,23,37,50,40,47,46,33,53,44,42,23,30,41,19,47,59,49,21,37,23
60,42,27,39,69,62,18,35,33,23,25,38,57,40,44,49,29,53,50,45,28,34,42,14,38,62,53,15,49,19
62,43,28,41,61,60,24,35,37,14,24,35,57,35,47,38,38,60,42,53,19,24,40,26,46,52,58,21,48,24
52,42,36,43,61,55,26,40,42,19,22,44,58,35,48,45,28,57,40,46,22,32,44,19,41,58,56,21,39,21
56,42,22,42,74,55,22,30,36,23,21,36,54,35,43,41,38,53,54,45,19,32,36,18,49,59,62,25,47,23
58,56,27,43,62,56,25,37,35,11,21,38,44,38,46,52,32,65,48,46,22,35,42,15,46,60,56,18,41,17
59,51,35,45,63,52,20,34,42,21,23,40,46,38,44,41,38,54,54,52,27,24,37,26,49,57,56,15,32,17
54,47,30,48,61,51,29,40,37,15,29,34,63,44,46,41,35,59,50,47,14,37,42,17,39,55,51,16,40,21
53,52,24,44,68,54,26,40,44,15,23,41,49,30,46,40,31,57,48,52,24,30,45,14,45,63,58,21,37,18
52,48,32,44,65,57,27,37,42,17,24,32,43,37,48,46,35,51,48,52,20,32,41,20,42,58,60,24,37,21
60,53,26,49,67,60,19,35,31,22,32,41,50,39,44,45,39,56,42,52,21,34,28,19,37,51,53,16,44,27
58,42,28,47,70,56,26,33,41,19,23,35,50,31,45,45,37,57,38,51,23,34,37,20,45,57,59,22,44,19
63,45,34,41,66,59,20,37,39,12,29,44,51,34,41,38,39,66,36,42,28,35,45,16,40,55,52,20,42,23
60,42,33,45,67,53,19,37,40,15,28,39,59,35,44,48,33,56,50,45,17,39,40,17,41,57,58,20,40,15
58,51,29,46,70,56,17,38,37,20,31,33,48,40,55,45,35,52,41,50,12,28,41,18,46,56,58,17,42,22
51,46,31,52,64,59,18,36,37,20,25,45,52,30,43,50,41,58,48,51,19,34,44,23,33,50,55,17,42,18
58,43,31,38,64,57,19,38,41,19,21,38,54,43,50,55,30,60,37,42,18,31,48,15,54,58,53,18,44,15
60,42,35,41,68,56,17,42,42,13,27,45,48,42,38,41,35,58,43,48,17,26,42,23,40,61,60,14,46,22
56,49,25,44,64,53,19,35,44,25,27,28,53,35,46,49,33,61,44,42,27,34,41,16,55,55,49,17,42,24
53,48,29,50,67,60,20,38,39,20,19,41,52,42,49,37,30,59,41,40,13,31,42,14,46,63,64,24,41,20
61,49,27,46,68,60,26,35,38,12,27,36,47,40,38,42,33,53,47,51,21,39,39,19,42,58,55,20,44,19
54,54,32,48,64,54,21,33,35,20,28,39,47,31,49,36,38,51,40,51,20,34,40,22,48,59,57,19,50,18
52,48,24,41,66,50,21,40,35,21,24,45,48,28,51,49,40,60,46,53,23,21,47,18,40,57,58,24,48,14
65,50,20,46,63,55,31,32,35,18,25,32,45,35,53,42,26,54,45,60,20,26,42,25,55,62,57,17,39,17
